HEBP1_GRM7,0.0084770050865457
DCN_EGFR,0.0003085058143738902
DCN_ERBB4,0.001905453246945065
GRN_TNFRSF1A,16.615741527442175
GRN_SORT1,4.89051084510905
GRN_TNFRSF1B,26.497223720225975
GRN_CLEC4M,0.0
GRN_EGFR,0.01620324994179855
UTS2_UTS2R,0.0
ICAM3_CLEC4M,0.0
ICAM3_ITGB2,5.202237318995399
ICAM3_CD209,1.013418658236205
ICAM3_ITGAD,0.03435114965045351
CEACAM1_CD209,0.13974138457176863
CEACAM1_SELE,0.00012110591502267422
CEACAM1_EGFR,0.00027588150634919967
FGF4_FGFR2,0.0
FGF4_FGFR3,0.0
NTN1_UNC5D,4.08633333333224e-07
NTN1_DCC,0.0
NTN1_UNC5A,0.0
NTN1_ADORA2B,9.385882896822877e-06
NTN1_UNC5C,1.0777051587298467e-06
NTN1_NEO1,0.0
SCT_ADCYAP1R1,0.0
SCT_VIPR1,0.0
SCT_ADRB3,0.0
SCT_GPR84,0.0
FGF20_FGFR3,0.0
FGF20_FGFR2,0.006963671891232047
DLL3_NOTCH2,0.0
DLL3_NOTCH3,0.0
VCL_ITGB5,0.26731361152260713
EFNA2_EPHA7,0.0
EFNA2_EPHA10,0.0
EFNA2_EPHA3,0.0
EFNA2_EPHA6,0.0
EFNA2_EPHA4,0.0
EFNA2_EPHA2,0.0
MADCAM1_ITGA4,0.0
MADCAM1_ITGB7,0.0
TCN2_CNR1,0.0
LGALS1_PTPRC,24.663283174890676
NID2_COL13A1,1.705340699294384e-05
RSPO4_LGR4,2.204836812169245e-05
RSPO4_LGR5,0.0
OXT_AVPR1A,0.0
OXT_OXTR,0.0
TIMP1_FGFR2,1.6811186491464023
MMP2_PECAM1,0.4486208044405125
MMP2_SDC2,0.18313682855324892
CCL17_CCR4,0.0019016277687074771
CCL17_CCR8,0.002993814559334833
DKK4_LRP6,0.0
LHB_LHCGR,0.0
LHB_VIPR1,0.00020349464266817757
LHB_ADCYAP1R1,5.623756122448513e-06
LHB_GPR84,0.012888475171957644
LHB_ADRB3,3.092335770975039e-05
AMH_EGFR,0.0
AMH_ACVR1,0.0
AMH_AMHR2,0.0
COMP_CD36,0.0
COMP_ITGB3,0.0
LAMB1_ITGA7,0.006622988802234688
LAMB1_ITGA2,0.006905709646537658
LAMB1_ITGA3,0.002498685886980343
WNT16_FZD6,0.0
PDAP1_PDGFRB,0.09736337156825392
C5_GRM7,0.0006273114152872235
C5_C5AR2,0.008905787503729203
C5_C5AR1,0.2777209843961279
WNT3_RYK,0.0
WNT3_ROR2,0.0
WNT3_FZD5,0.0
WNT3_LRP6,0.0
CCL2_CCR4,0.023087964522108775
CCL2_CCR1,5.023726258807698
CCL2_CCR10,0.06329720711318959
CCL2_CCR3,0.0
COL1A1_CD93,0.15136648598102223
COL1A1_DDR2,0.0
COL1A1_ITGA11,0.00015733718662509042
COL1A1_ITGA2,0.008557255483829665
COL1A1_CD36,0.20448542915436585
COL1A1_DDR1,0.011612296672423772
EFNB3_RHBDL2,0.0005101199679163166
EFNB3_EPHA4,3.2195088148145907e-05
EFNB3_EPHB2,0.00026767058324513146
EFNB3_EPHB6,0.0001588465716553178
VTN_ITGB5,0.020287736151769948
VTN_ITGA8,0.0
VTN_CD47,0.0894620436318908
VTN_KDR,0.00029700684731670204
VTN_ITGA2B,2.477577345049045e-05
VTN_TNFRSF11B,0.0
VTN_ITGB8,0.006870282999729142
VTN_ITGB6,0.0
VTN_ITGB3,0.0012231408156084614
VTN_ITGA3,0.0013175561810279636
CXCL6_CXCR2,0.007292987718046102
CXCL6_GRM7,0.0001500719266817833
IL2_IL2RG,0.0
IL2_CD53,0.0
APOC3_LDLR,0.0
APOC3_SDC2,0.0
APOC3_LRP1,0.0
KITLG_KIT,5.085611224489742e-05
CLEC2B_KLRF1,0.009781038706727111
IL23A_IL12RB1,0.09141015626990415
IL23A_IL12RB2,0.0021727291606166467
FGF6_FGFR2,0.0
FGF6_FGFR3,0.0
IL26_IL10RB,0.020156259635484768
IL26_IL20RA,0.0
IFNG_IFNGR2,0.04341016655035861
IFNG_IFNGR1,0.04524830321581273
GNB3_GABBR2,0.0
ULBP1_KLRK1,0.00241228876642416
LAMA4_ITGA3,0.0033194342061470088
HBEGF_CD82,4.258339481231646
HBEGF_ERBB2,0.045974157555101945
HBEGF_EGFR,0.003646545384832365
HBEGF_ERBB4,0.022522498507079772
HBEGF_CD9,4.760745915146562
LTF_LRP1,0.0
TFPI_LRP1,0.10626241021317467
TFPI_F3,0.023870037436165507
WNT6_FZD4,0.004078666820408154
ANGPTL1_TEK,8.07377081758616e-06
TGFB3_ITGB6,0.0
TGFB3_ITGB3,0.0006245368921031726
TGFB3_TGFBR2,0.017193355598194425
TGFB3_ITGB5,0.010358937844562538
IFNA7_IFNAR2,0.0
IFNA7_IFNAR1,0.0
IAPP_RAMP1,0.0
IAPP_CALCR,0.0009940619488535778
IAPP_GPR84,1.110328157345679
IAPP_ADRB3,0.0026640137275132183
IAPP_ADCYAP1R1,0.0004844804904761513
IAPP_VIPR1,0.017530842757495557
TNFSF10_TNFRSF11B,0.0
TNFSF10_TNFRSF10B,2.2245280942574435
TNFSF10_TNFRSF10D,1.0423155162116267
TNFSF10_RIPK1,0.6797988079506928
EREG_ERBB3,0.29953256002712714
EREG_ERBB4,0.0154317544480774
EREG_EGFR,0.002498505791656024
EREG_ERBB2,0.031500142407581554
EFNB2_EPHB2,0.0010229037319664657
EFNB2_EPHA4,0.00012303360129629323
EFNB2_EPHA6,7.198578779289305e-06
EFNB2_EPHA3,4.659394321365458e-05
EFNB2_EPHB6,0.0006070325285147245
EFNB2_PECAM1,0.007076547730145962
EFNB2_RHBDL2,0.0019494245972272147
EFNB2_GRM1,5.2811704780799916e-05
BMP4_BMPR1A,0.0
BMP4_LRP6,0.0
PSPN_GFRA3,0.0
PSPN_SDC3,0.0
PSPN_GFRA4,0.0
TNFSF9_TNFRSF9,0.05920779214417108
C3_CD46,4.076978472521351
C3_ITGAX,6.0594699275333355
C3_CR1,0.8558009052576355
C3_ITGAM,3.434302138300331
C3_C5AR2,0.16167504781158054
C3_LRP1,3.5385218661817777
C3_GRM7,0.011388167864643452
C3_ITGB2,10.376765191776697
VASP_CXCR2,0.1800455142806314
DLL4_NOTCH3,2.1350596592339997e-05
DLL4_NOTCH2,0.0027024425969702013
TPH1_HTR7,0.0
TPH1_HTR1A,0.0
TPH1_HTR1D,0.0
TPH1_HTR2C,0.0
TPH1_HTR2B,0.0
TPH1_HTR4,0.0
TPH1_HTR6,0.0
APOE_SORL1,6.299911136810914
APOE_SCARB1,3.6820229537852893
APOE_LRP4,0.001200092646107043
APOE_LDLR,3.2190494114261208
APOE_LRP8,0.07515068108521644
APOE_LRP6,0.07107747507099374
APOE_SDC2,3.1068223741025838
APOE_LRP1,7.725336569979475
NCAN_SDC3,0.0
BST2_LILRA4,0.6678233126425864
F12_CD93,0.09170752937534005
F12_GP1BA,0.0012827328826530541
CRP_CR1,0.0
TSHB_VIPR1,0.0
TSHB_ADCYAP1R1,0.0
TSHB_GPR84,0.0
TSHB_ADRB3,0.0
DSC1_DSG3,0.009513564431504282
LACRT_SDC1,0.0
GDF11_BMPR1A,0.0
GDF11_ACVR1B,0.022367109572501882
GDF11_ACVR2B,0.0020486173797354458
IL1RN_IL1R1,0.32252627559929425
IL36A_IL36RN,0.0
CCL21_GRM7,0.00011926314688838457
CCL21_CCR7,0.0013892990539178616
MMP7_CD151,0.0034169162813176713
MMP7_SDC1,0.0
MMP7_ERBB4,5.7268893449230575e-05
THBS1_ITGA4,2.7615727062101976
THBS1_LRP1,3.6213257096069706
THBS1_SDC1,0.0
THBS1_ITGB3,0.05002596172031734
THBS1_CD36,3.558874308295726
THBS1_SCARB1,1.7259836209234691
THBS1_ITGA2B,0.0010133190540362472
THBS1_TNFRSF11B,0.0
THBS1_CD47,3.6589611866757896
THBS1_ITGA3,0.0538875117528344
MSTN_ACVR2B,0.0
VWF_LRP1,0.02572346673971631
VWF_ITGB3,0.00035535084817724604
VWF_GP1BA,0.00026174184277210646
VWF_ITGA2B,7.1979382893043335e-06
VWF_TNFRSF11B,0.0
VWF_SELP,0.0
VWF_SCARA5,4.558002169374754e-06
VWF_STAB2,1.536218146384402e-05
VWF_SIRPA,0.025355174186459942
CDH1_KLRG1,0.05242845986254978
CDH1_ITGAE,0.03535942842212835
CDH1_PTPRM,0.02622446021491117
CDH1_ERBB3,0.05083322022408338
CDH1_ITGB7,0.06560736529569787
CDH1_EGFR,0.00042401765980598595
TIMP2_ITGA3,0.03478455047392286
IL1A_IL1R1,0.04057530464553411
IL1B_IL1R1,0.4011102588039239
IL1B_SIGIRR,1.8174970490657414
IL7_IL7R,0.03837398223882275
IL7_IL2RG,0.25357089728503385
CKLF_CCR4,0.027108563222789032
CKLF_LRP6,0.03548116790910797
FARP2_PLXNA1,0.19202971342654324
FARP2_PLXNA3,0.055587978182161754
LAMC2_CD151,0.08458701332309647
LAMC2_ITGA2,0.008370164736898958
LAMC2_COL17A1,0.0
LAMC2_ITGA3,0.003028568180574447
NID1_ITGA3,0.006488292204497346
NID1_ITGB3,0.006023344684037022
NID1_COL13A1,0.00011031099837653369
NMU_GRM7,0.0
NMU_NMUR1,0.0
NMU_NMUR2,0.0
FGF2_SDC3,0.012584834031005892
FGF2_SDC2,0.008981777788466845
FGF2_SDC1,0.0
FGF2_FGFR3,0.0
FGF2_FGFR2,0.003536720076255344
FGF2_GPC4,0.0007237861786029206
FGF10_FGFR2,0.0
OLFM2_ROBO2,6.34791353615514e-05
F13A1_ITGA9,0.05998631675479574
F13A1_ITGA4,3.658917937927909
KNG1_ITGAM,0.0662132646954301
KNG1_SDC2,0.02743641729810902
KNG1_CD93,0.04962960383745434
KNG1_GP1BA,0.0006941799133503353
KNG1_GRM7,0.00021956360938901355
KNG1_ITGB2,0.20006378957253834
KNG1_BDKRB1,0.00024609862360858793
KNG1_RXFP4,0.0024353423727198216
EGF_FSHR,0.0
EGF_AXL,0.11518625833514799
EGF_EGFR,9.675163627865723e-05
EGF_ERBB4,0.0005975761587137787
EGF_ERBB2,0.0012198051856122413
EGF_RHBDL2,0.023281430800082253
EGF_LDLR,0.035746387920389866
EGF_ERBB3,0.011599038672690602
WNT2_FZD4,0.0
WNT2_FZD2,0.0
WNT2_LRP6,0.0
WNT2_FZD5,0.0
WNT2_FZD3,0.0
WNT2_FZD9,0.0
NPTX2_NPTXR,0.003453583652947835
GAL_GALR1,0.0
GAL_GALR3,0.0
GAL_GRM7,0.0006911803657092441
ADAM2_ITGB7,0.0018422340211639973
ADAM2_CD9,0.015544241177777574
ADAM2_ITGA9,0.00013198609460317252
ADAM28_ITGA4,2.9596784801256044
INHBE_ACVR2B,0.002609766214558902
DHH_PTCH1,0.0
DHH_BOC,0.0
DHH_CDON,0.0
DHH_PTCH2,0.0
NPFF_NPFFR1,0.003113631821617528
NPFF_NPFFR2,0.0279511451175359
FGF7_FGFR2,0.00634488945149872
FGF7_FGFR3,0.0
MFGE8_PDGFRB,0.02383864209100527
MFGE8_ITGB3,0.00800501981012167
CGN_F11R,0.005706307037866496
CGN_TGFBR2,0.004253898825277707
REN_ATP6AP2,0.0
GDF7_BMPR1A,0.0
CALM2_SELL,10.58414939716469
CALM2_EGFR,0.01354213900617252
CALM2_GRM7,0.038644069606260927
CALM2_TRPC5,0.014855900659170683
CALM2_CACNA1C,0.0
CALM2_KCNQ3,0.18706416205597406
CALM2_MYLK,0.1600932346124777
CALM2_PDE1A,0.0062044571180331675
CALM2_PDE1C,0.0
CALM2_GP6,1.686099871513581
CALM2_AQP6,2.390395273736135
CALM2_SCN10A,0.0
CALM2_AQP1,0.0
CALM2_SCN4A,0.021214956529100094
NXPH2_NRXN1,0.0
UCN2_IL10RB,0.04513964543814538
UCN2_CRHR2,0.0
UCN2_CRHR1,0.0
SFRP2_FZD5,0.004299749758125469
IL9_IL2RG,0.0
IL9_IL9R,0.0
FGF18_FGFR3,0.0
FGF18_FGFR2,0.0
LIN7C_HTR2C,0.0
LIN7C_KCNJ4,0.0
SERPING1_SELP,0.0
SERPING1_SELE,0.0036454481782564434
GPHA2_EPHA6,0.0
IL18_IL18R1,0.14170064499430332
IL18_IL18BP,3.5678599282612433
IL18_IL18RAP,0.03148018761904753
PTH_LRP6,0.0
PTH_ADRB3,0.0
PTH_GPR84,0.0
PTH_ADCYAP1R1,0.0
PTH_VIPR1,0.0
BMP3_ACVR2B,0.001588412884680773
BMP3_BMPR1A,0.0
WNT3A_LGR5,0.0
WNT3A_LRP1,0.01827989990037777
WNT3A_LRP6,0.00016818543990929498
WNT3A_FZD6,0.0004736026832955354
WNT3A_FZD2,0.003244765207407378
WNT3A_FZD5,0.0009419593499621978
WNT3A_RYK,0.0016809171012849428
WNT3A_ATP6AP2,0.03270690936054393
WNT3A_FZD3,0.0021825255303098818
APP_FPR2,1.8459332285588632
APP_RPSA,8.130847833326724
APP_TNFRSF21,0.9711048589993061
APP_AGER,0.3275675789120371
APP_PTGER2,1.125524989452679
APP_APLP2,6.009194542905424
APP_LRP6,0.02576065216170628
APP_SORL1,2.2832805932251663
APP_LRP1,2.7998983927408094
APP_NOTCH2,1.9319491268429247
APP_GRM7,0.009011026102513205
APP_DCC,0.0
WNT7A_LDLR,0.0
WNT7A_LRP6,0.0
WNT7A_FZD5,0.0
WNT7A_FZD10,0.0
WNT7A_FZD9,0.0
DKK2_LRP6,0.0007889973440154913
WIF1_RYK,0.0
CXCL13_CXCR5,9.598533553790172e-07
CXCL13_CCR10,1.804705126605939e-05
CXCL13_GRM7,3.013811955151996e-06
GDF6_BMPR1A,0.0
NODAL_ACVR1B,0.0
NODAL_ACVR2B,0.0
NODAL_SMAD3,0.0
NODAL_ACVR1C,0.0
SST_SSTR2,0.0
SST_SSTR3,0.0
SST_GRM7,0.0
CALM3_AR,0.0
CALM3_SCN4A,0.007217103620256838
CALM3_AQP1,0.0
CALM3_AQP6,0.8131871663400334
CALM3_GP6,0.5735933264875483
CALM3_SCN10A,0.0
CALM3_PDE1C,0.0
CALM3_PDE1A,0.0021106906284188796
CALM3_KCNQ3,0.06363724758722142
CALM3_MYLK,0.05446202359714904
CALM3_CACNA1C,0.0
CALM3_TRPC5,0.005053820133093841
CALM3_SELL,3.600615576413662
CALM3_GRM7,0.013146303376782523
CALM3_EGFR,0.004606892326807648
TFF1_FCRL4,0.00011546956670445867
S100A1_AGER,0.05027684377469131
S100A1_TRPM3,0.0029255448937389743
S100A1_RYR1,0.008725278876243378
S100A1_TLR4,0.44760448119744245
SCGB3A1_NOTCH3,0.0
SCGB3A1_MARCO,0.0
HCRT_HCRTR1,0.0
HCRT_NPFFR2,0.0
SHANK1_SSTR2,0.0004615416396176603
WNT1_FZD9,0.0
WNT1_FZD3,0.0
WNT1_ROR2,0.0
WNT1_RYK,0.0
WNT1_FZD5,0.0
WNT1_LRP6,0.0
NTN3_NEO1,0.0
NTN3_CDON,0.0
FGF19_KLB,0.0
FGF19_FGFR2,0.0
FGF19_FGFR3,0.0
DRAXIN_DCC,0.0
ARPC5_LDLR,3.911056564647687
TGFA_ERBB3,0.04338814073702949
TGFA_ERBB2,0.004562884956122437
TGFA_EGFR,0.0003619156492063404
TGFA_ERBB4,0.0022353333933106466
COL6A3_ITGA2,0.005951008313682031
CXCL3_CXCR2,0.526434917329916
CXCL3_GRM7,0.010832748575837709
CXCL5_GRM7,0.001872764136810274
CXCL5_CXCR2,0.09100999867560465
PPBP_CXCR2,0.042287757406062595
PPBP_GRM7,0.0008701790643738951
PF4_GRM7,0.000220901966490299
PF4_FGFR2,0.010869385741622568
PF4_LRP1,0.06863847178924161
PF4_LDLR,0.028600777482363286
PF4_THBD,0.0347219496164021
PF4_SDC2,0.027603656869488524
PF4_PROCR,0.004326253328924159
UCN_CRHR2,0.0
UCN_CRHR1,0.0
LIPH_LPAR1,0.0013662798529100516
LIPH_LPAR2,0.0036595739527550994
CAMP_EGFR,0.0
CAMP_FPR2,0.0
IL15_IL15RA,0.767317744994045
IL15_IL2RG,1.637556442939886
SCGB3A2_MARCO,0.0
IL3_CSF2RB,0.0
IL3_IL3RA,0.0
COL1A2_ITGA2B,5.62682219724093e-05
COL1A2_ITGA2,0.008269928677202313
COL1A2_CD93,0.146284056324748
COL1A2_ITGA11,0.0001520542788654535
COL1A2_ITGB3,0.0027778732742169245
COL1A2_CD36,0.19761942574103158
DEFB1_CCR6,0.10813011561495338
ARF6_SMAP1,1.1242679518299608
JAM3_ITGB2,0.00841325285865451
HSP90B1_LRP1,8.13856327041304
HSP90B1_ERBB2,0.11572209541836705
HSP90B1_TLR4,8.476816916089568
HSP90B1_ASGR1,3.3076722941921757
HSP90B1_TLR9,0.04063230360544193
COL6A2_ITGA2,0.003483202077930959
ANGPTL4_GPIHBP1,0.0
ANGPTL4_TIE1,0.01081056064184932
FADD_FAS,0.20822747081883972
DEFB4A_TLR4,0.0
CD14_TLR4,15.28833444728521
CD14_TLR6,5.342657864979527
CD14_RIPK1,2.0856615287405518
CD14_ITGB2,43.044257566172185
CD14_ITGA4,11.193451179046049
CD14_TLR9,0.07328225359032457
COL3A1_DDR2,0.0
COL3A1_DDR1,0.010846611962146625
COL3A1_ITGA2,0.007993012262119412
NLGN2_MDGA1,0.0003214604532199517
NLGN2_NRXN1,0.0003710088711148881
NLGN2_NRXN2,0.00030213877399848415
BMP1_BMPR1A,0.0
FGB_ITGA2B,4.7886058576528985e-05
FGB_TLR4,0.1782442507094897
FGB_ITGAM,0.1660913778695969
FGB_ITGB3,0.002364059102357136
FGB_ITGB2,0.5018461274302546
FGA_ITGB2,0.09600582642716017
FGA_ITGAD,0.0006339408044444425
FGA_ITGB3,0.0004522570474074051
FGA_ITGAM,0.031774161686666594
FGA_TLR4,0.03409907073086411
FGA_ITGA2B,9.160857037036705e-06
FGA_ITGAX,0.05606221277555542
FGA_CDH5,6.340845432098714e-05
CXCL11_GRM7,0.0031161266339128145
CXCL11_CCR3,0.0
CXCL11_DPP4,0.0
PRND_RPSA,1.971752052555858
NPTX1_NPTXR,0.0007234585116994081
CCL19_CCR10,0.00414693032766439
CCL19_GRM7,0.0006925268851095971
CCL19_CCR7,0.008067261106198027
CCL19_CCRL2,0.1517702479811036
PLG_F2R,0.0033279510124999707
PLG_FLT1,0.0032368932078703423
PLG_F2RL1,0.0009862612608796213
PLG_ITGA9,0.00017095563935184992
PLG_ITGB2,0.04009914534645026
PLG_ITGAM,0.013271243789583227
PLG_F3,0.0030716268018518276
CSHL1_GHR,0.0
LPL_GPIHBP1,0.0
LPL_LRP1,0.7423403864207133
LPL_SDC1,0.0
EFEMP2_PLSCR4,0.004394695030637434
EFEMP2_AQP1,0.0
VEGFB_FLT1,0.19166897128879057
GH1_GHR,0.0
GNAI2_C5AR1,6.502832616334616
GNAI2_LHCGR,0.0
GNAI2_CNR1,0.0
GNAI2_CXCR2,0.7138107660148156
GNAI2_EGFR,0.005147323712098642
GNAI2_LPAR3,0.0
GNAI2_ADORA1,0.07158097139805981
GNAI2_ADRA2B,0.2609876777063492
GNAI2_FPR1,6.747630996421588
GNAI2_TBXA2R,2.2366898106742275
GNAI2_EDNRB,0.5911226841186104
GNAI2_ADCY7,2.4243270043332803
GNAI2_F2R,1.1107773304454283
GNAI2_ADCY9,0.16143721986590825
GNAI2_S1PR4,0.6111459228453263
GNAI2_S1PR1,0.2524068769496032
GNAI2_CHRM1,0.005687967102962814
TLN1_ITGB3,0.04746584928609779
TLN1_ITGB5,0.7872966172394388
TAC1_TACR1,0.0
TAC1_TACR2,0.0
LPA_LPAR3,0.0
LPA_LPAR2,0.003453400712136049
LPA_LPAR1,0.0012893063176014085
LPA_ITGB2,0.07657234924973023
LPA_ITGAM,0.025342443228013573
MMP1_ITGA2,0.009059565180246901
LAMA3_ITGA3,0.0004056441326530594
LAMA3_SDC2,0.01096285501700677
SEMA6D_KDR,0.00010785037097505542
SEMA6D_PLXNA1,0.008710389761481441
WNT11_MUSK,0.0001259662824389006
WNT11_KLRG2,0.0
PSEN1_NOTCH3,0.014581592264849388
PSEN1_NOTCH2,1.8456587804351063
BGN_LY96,0.16219016392415195
BGN_TLR4,0.12573381188222713
IZUMO1_CD9,0.0
JAG2_NOTCH2,0.0
JAG2_NOTCH3,0.0
NXPH3_NRXN2,0.0
NXPH3_NRXN1,0.0
CNTN2_CNTN1,6.323386898148057e-05
CALCA_ADRB3,0.0
CALCA_GPR84,0.0
CALCA_ADCYAP1R1,0.0
CALCA_VIPR1,0.0
CALCA_CALCR,0.0
CALCA_RAMP1,0.0
CALCA_CALCRL,0.0
SLIT3_ROBO2,4.647059830372855e-05
SLIT3_ROBO1,0.0011792170217411148
GH2_GHR,0.0
FGF3_FGFR2,0.0
FGF3_FGFR3,0.0
GHRL_TBXA2R,0.18579589965022666
GHRL_PTGER3,0.0031542049215797364
GHRL_GHRHR,0.0
GHRL_PTGIR,0.06375190649092968
FGG_ITGB3,0.0
FGG_TLR4,0.0
FGG_ITGA2B,0.0
FGG_ITGB2,0.0
CXCL14_CXCR4,0.2868911912423163
EDN3_KEL,0.0
EDN3_EDNRB,0.0
RTN4_TNFRSF19,0.018543014037301575
RTN4_RTN4RL1,0.0014139991
NTN4_DCC,0.0
NTN4_UNC5A,0.0
WNT7B_FZD4,0.03276651053362938
WNT7B_FZD10,0.0
WNT7B_TMED5,0.3145460286099144
ICAM4_RHAG,0.0
ICAM4_ITGA4,0.897971656983801
ICAM4_ITGB2,3.4531372560671922
ICAM4_ITGAM,1.142852945323859
ICAM4_ITGB3,0.016266780026171917
ICAM4_ITGA2B,0.0003294976764363079
HMGB1_TLR9,0.036773772718820645
HMGB1_CD163,15.783413250566085
HMGB1_AGER,0.8617337972764549
HMGB1_CXCR4,16.94196257367638
HMGB1_SDC1,0.0
HMGB1_THBD,3.726069779324888
HMGB1_TLR4,7.671840161422262
COL18A1_ITGB5,0.05071798566751824
COL18A1_ITGB3,0.003057770363894171
COL18A1_KDR,0.0007424972856840458
COL18A1_ITGA3,0.0032938024728646955
COL18A1_GPC4,0.007173382724817329
HP_CD22,0.018008585859007286
HP_ASGR2,0.03746713088939276
HP_CD163,0.4090413380806245
HP_TLR4,0.19882263204736692
HP_ITGAM,0.18526670440680262
HP_ASGR1,0.07758102103552524
HP_ITGB2,0.559784495383723
RSPO1_LGR4,5.508499206348927e-06
RSPO1_LGR5,0.0
RSPO1_LRP6,4.386554501133675e-05
RSPO1_ZNRF3,0.00026935307201624465
ADAM15_ITGB3,0.026532867496148093
ADAM15_ITGA9,0.024012907651915282
APOA4_LDLR,0.0
APOA4_LRP1,0.0
GAD1_GRM4,0.00032577619148147874
NLGN3_NRXN1,5.49886242337483e-05
NLGN3_NRXN2,4.478112736205498e-05
CCL20_CCR6,0.2708643884842529
CCL20_GRM7,0.0032455796573444082
PYY_GRM7,0.0
PYY_DPP4,0.0
PYY_NPY5R,0.0
PYY_NPY1R,0.0
PYY_FAP,0.0
PYY_NPY2R,0.0
F8_ASGR2,0.022157124212648024
F8_LDLR,0.047038552405542944
F8_LRP1,0.11288694352052411
COL4A2_ITGB5,0.05627528781210318
COL4A2_ITGB3,0.003392818248333325
COL4A2_CD93,0.1786673353120239
CCL28_GRM7,0.0019673017562232232
CCL28_CCR10,0.011780428301001483
CCL28_CCR3,0.0
CXCL9_DPP4,0.0
CXCL9_CCR3,0.0
CXCL9_GRM7,0.009280565233560065
CXCL9_FCGR2A,7.497864203628118
CNTF_CNTFR,0.0
CNTF_EGFR,0.0
THBS2_NOTCH3,0.0005388835981557032
THBS2_ITGA4,0.0753836058110989
THBS2_CD47,0.09987992970607085
THBS2_ITGB3,0.001365575988698407
THBS2_CD36,0.0971478235515962
LEFTY2_ACVR2B,0.0006695717384479685
LEFTY2_ACVR1B,0.007310483933534871
C4BPA_LRP1,0.0
C4BPA_CD40,0.0
VIP_AVPR1A,0.0
VIP_ADRB3,0.0
VIP_GPR84,0.0
VIP_VIPR1,0.0
VIP_ADCYAP1R1,0.0
VIP_RAMP1,0.0
VIP_DPP4,0.0
FASLG_FAS,0.0
FASLG_TNFRSF10B,0.0
FASLG_TNFRSF1A,0.0
APOA2_LDLR,0.03990262813338997
APOA2_LRP1,0.09576157211597501
SEMA4A_PLXNB2,2.6767346916521038
EFNA1_EPHA7,7.178196680523852e-05
EFNA1_EPHA10,0.014601536684977259
EFNA1_EPHA3,0.000269827204824891
EFNA1_EPHA4,0.0007124920203703666
EFNA1_EPHA6,4.1687229213907514e-05
EFNA1_EPHB6,0.003515347255668918
EFNA1_EPHA2,0.0
ADAM12_ITGA9,0.0006781252142063464
S100A8_TLR4,6.344171279056819
S100A8_CD36,5.985975049775391
S100A8_ITGB2,17.86199428860122
S100A8_AGER,0.7126043676410936
NGF_KIDINS220,0.0
NGF_NTRK1,0.0
NGF_TRPV1,0.0
NGF_SORCS3,0.0
NGF_SORT1,0.0
WNT2B_FZD4,0.0016383183195376651
COL11A1_ITGA2,0.0
COL11A1_DDR1,0.0
ITGB3BP_ITGB3,0.009570979251349183
ITGB3BP_ITGB5,0.15874991602568975
ANGPTL3_ITGB3,0.0
RBP4_STRA6,0.0
COL5A1_SDC3,0.03866480680224861
SFTPD_TLR4,0.08424824683396313
SFTPD_SIRPA,0.07972837519173588
SFTPD_LY96,0.10867591429680003
MMP9_TLR9,0.0038543830551776037
MMP9_IFNAR1,0.5451057563223782
MMP9_ITGAM,0.7492862951890139
MMP9_LRP1,0.7720246596791412
MMP9_EPHB2,0.10993784782001764
MMP9_ITGB2,2.26397318392047
EDN2_KEL,0.0
EDN2_EDNRB,0.0
ANGPTL2_TIE1,0.0008403613425925893
GHRH_GHRHR,0.0
GHRH_VIPR1,0.0
GHRH_ADCYAP1R1,0.0
GHRH_ADRB3,0.0
GHRH_GPR84,0.0
TNFSF15_TNFRSF25,0.019662920553628102
GDF5_ROR2,0.0
GDF5_ACVR1,0.0
GDF5_BMPR1A,0.0
GDF5_ACVR2B,0.0
EDA_EDAR,0.0
EDA_EDA2R,0.0022391964065759567
F10_F3,0.0
F10_ITGAM,0.0
F10_ITGB2,0.0
SYK_LAT,0.271886520139516
SYK_FCGR2A,12.98283142097026
FGF14_FGFR2,0.0
FGF14_FGFR3,0.0
HLA-C_LILRA1,12.532873845435612
HLA-C_LILRB1,26.363020134070787
HLA-C_CD3G,3.922473128762391
HLA-C_KIR3DL1,0.0
ANXA1_EGFR,0.010565570457671702
ANXA1_GRM7,0.03015008485808759
ANXA1_FPR1,13.850415225972789
ANXA1_FPR2,6.176326963240174
ACTR2_LDLR,2.851326812304647
NDP_FZD4,0.0008901966128910281
NDP_LGR4,1.7289770621692584e-05
AGRN_LRP4,1.555683492063116e-05
AGRN_LRP1,0.10014375649691795
AGRN_ATP1A3,0.0
AGRN_MUSK,0.0004595982605820082
INSL3_ADRB3,0.00023956405061885787
INSL3_GPR84,0.09984734993772047
INSL3_ADCYAP1R1,4.356738388605091e-05
INSL3_VIPR1,0.0015764782509841875
AVP_LDLR,0.0
AVP_VIPR1,0.0
AVP_ADCYAP1R1,0.0
AVP_GPR84,0.0
AVP_ADRB3,0.0
AVP_OXTR,0.0
AVP_AVPR1A,0.0
COL2A1_ITGA10,0.0
COL2A1_DDR1,0.0
COL2A1_ITGA2B,0.0
COL2A1_ITGA2,0.0
RLN2_ADRB3,1.731225253212379e-05
RLN2_GPR84,0.00721553393474422
RLN2_ADCYAP1R1,3.148425442176596e-06
RLN2_VIPR1,0.00011392523010833868
RLN2_RXFP3,2.983613963214878e-05
RPH3A_NRXN1,0.0010972136745488112
LAMA1_RPSA,0.26447421186029185
LAMA1_ITGA3,0.0013552215908919083
LAMA1_NT5E,0.0010523661598261505
LAMA1_ITGA2,0.0037454755166238256
LAMA1_ITGA7,0.0035921351570408094
LAMA1_ITGB8,0.007066686028907141
LAMA1_SDC2,0.03662594037708485
CCL25_CCR10,0.0
CCL25_GRM7,0.0
LAMB3_ITGA2,0.01238083883286469
LAMB3_CD151,0.1251179889793462
LAMB3_ITGA3,0.004479746303287976
LAMB3_COL17A1,0.0
IL1F10_IL1R1,0.0
CCL8_CCR3,0.0
CCL8_CCR1,1.7907526015315571
COL4A6_CD93,0.0
COL4A6_ITGA2,0.0
COL4A6_CD47,0.0
CCL26_CCR1,0.0
CCL26_CCR3,0.0
SPP1_ITGA4,6.8792578707650955
SPP1_ITGB5,2.0669867068048493
SPP1_ITGB3,0.12461793605259223
SPP1_ITGA9,0.11278234403566098
LGALS9_MRC2,1.6215394650940032
LGALS9_HAVCR2,11.704994458679629
LGALS9_SLC1A5,5.033712330810203
LGALS9_CD47,7.544908621889594
ADM2_GPR84,0.21404933462751322
ADM2_ADRB3,0.0005135692200907012
ADM2_VIPR1,0.0033796001685411883
ADM2_ADCYAP1R1,9.339826783672715e-05
ADM2_CALCR,0.00019163550642478487
ADM2_RAMP1,0.0
ADM2_CALCRL,0.012869251075419495
CXCL12_CD4,7.397595312058488
CXCL12_DPP4,0.0
CXCL12_CCR4,0.022096280130272043
CXCL12_GRM7,0.010116446005316169
CXCL12_CXCR4,7.230115291979566
CXCL12_AVPR1A,0.08986358778590685
BMP7_ACVR1,0.082339600951877
BMP7_ACVR2B,0.00985474370707582
BMP7_BMPR1A,0.0
COL4A3_ITGA3,2.6689581065757296e-05
COL4A3_CD47,0.0018122221277568347
COL4A3_ITGB3,2.4777020079362875e-05
COL4A3_CD93,0.0013047690240191622
COL4A3_ITGA2,7.376297212395425e-05
COL4A4_ITGA2,0.002623433284944316
COL4A4_CD93,0.04640505104680538
COL4A4_ITGB3,0.0008812125827671936
COL4A4_CD47,0.06445298654290488
HLA-A_ERBB2,0.23484841488775446
HLA-A_KIR3DL1,0.0
HLA-A_CD3G,3.7664310913488976
HLA-A_LILRA1,12.034296772938214
HLA-A_APLP2,35.448109725169914
HLA-A_LILRB1,25.314258488279393
HLA-A_KIR3DL2,0.02264555893594034
CNTN4_PTPRG,0.0002878864054024929
TCTN1_TMEM67,0.007511783675488526
PDCD1LG2_PDCD1,0.016644460866020994
TNFSF11_LGR4,4.227587433862284e-06
TNFSF11_TNFRSF11B,0.0
TNFSF11_TNFRSF11A,0.0004664492779686286
DSCAM_DCC,0.0
FBLN2_ITGB3,0.001996034104351847
NXPH1_NRXN1,9.644658783068677e-05
NXPH1_NRXN2,7.854328042327897e-05
SAA1_FPR2,0.028381510642857138
SAA1_FPR1,0.06364554685714285
SAA1_GRM7,0.00013854592857142815
SAA1_SCARB1,0.020517803839285708
MDK_SORL1,0.727531329821863
MDK_SDC3,0.5027115771022299
MDK_SDC1,0.0
MDK_LRP1,0.8921434391729783
MDK_ITGA4,0.6803361998366025
TF_TFR2,0.0
TF_HFE,0.005891364810279643
TF_LDLR,0.01655223719939524
ARTN_GFRA3,0.0
PTPN6_CD300LF,3.5991850199788353
PTPN6_FCRL4,0.027181609707634002
CLEC2A_KLRF2,0.0
NTF3_NTRK1,0.0
NTF3_NTRK2,0.0
RLN3_RXFP3,0.0
RLN3_RXFP4,0.0
RLN3_GRM7,0.0
RLN3_VIPR1,0.0
RLN3_ADCYAP1R1,0.0
RLN3_GPR84,0.0
RLN3_ADRB3,0.0
TNF_TNFRSF1B,5.053336565909264
TNF_TNFRSF1A,3.1688200664671196
TNF_RIPK1,0.38932501560060456
TNF_TNFRSF21,0.9503147077608464
TNF_FAS,0.5585725053373644
TNF_PTPRS,0.15476099263461815
TNF_FFAR2,1.1865669474224243
TNF_ICOS,0.025289383109095436
LAMA2_ITGA7,0.0007691839185714275
LAMA2_ITGA2,0.0008020186905114623
LAMA2_ITGA3,0.0002901936058201051
LAMA2_RPSA,0.05663186426631387
HRAS_SDC2,0.08536910004256741
HRAS_GRIN2D,0.004586762758081374
HRAS_TLR9,0.0010598035971277335
GDNF_EDNRB,0.027051202264188695
GDNF_GFRA3,0.0
HLA-G_KIR3DL1,0.0
HLA-G_CD4,9.419708792396461
HLA-G_LILRB1,6.1346391374434575
FSHB_ADCYAP1R1,0.0
FSHB_VIPR1,0.0
FSHB_ADRB3,0.0
FSHB_GPR84,0.0
FSHB_FSHR,0.0
ADM_CALCRL,0.1361165104848828
ADM_RAMP1,0.0
ADM_CALCR,0.002026905549256663
ADM_ADCYAP1R1,0.0009878621707482198
ADM_VIPR1,0.03574562179881576
ADM_GPR84,2.263973896410935
ADM_ADRB3,0.005431959460695372
PTHLH_ADRB3,1.6114822505668604e-05
PTHLH_GPR84,0.006716459826719462
PTHLH_VIPR1,0.00010604540678382264
PTHLH_ADCYAP1R1,2.9306594897956317e-06
ADCYAP1_ADCYAP1R1,0.0
ADCYAP1_VIPR1,0.0
ADCYAP1_GPR84,0.0
ADCYAP1_ADRB3,0.0
ADCYAP1_DPP4,0.0
CGA_LHCGR,0.0
CGA_ADRB3,8.479122944066487e-05
CGA_GPR84,0.03533994159700177
CGA_VIPR1,0.0005579782473293011
CGA_ADCYAP1R1,1.5420227006801477e-05
CGA_FSHR,0.0
S100A10_CFTR,0.009594201431216908
SHANK2_CFTR,1.015234828042321e-05
S100A4_ERBB2,0.14102403828163232
S100A4_EGFR,0.011185643920281919
TNFSF13B_CD40,4.587439224339382
TNFSF13B_TNFRSF13B,0.05152476697253696
LTA_LTBR,0.0193263761358842
LTA_RIPK1,0.0022318411197335417
LTA_TNFRSF1A,0.018165549712925024
LTA_TNFRSF1B,0.02896871222685407
NTF4_NTRK1,0.0
NTF4_NTRK2,0.0
FAM3C_GLRA2,0.0012224795178256255
C1QB_C1QBP,13.326806116298117
C1QB_LRP1,12.498643769567632
GNRH2_GNRHR,6.695164588057419e-05
IL22_IL10RA,0.0
IL22_IL22RA2,0.0
IL22_IL21R,0.0
IL22_IL10RB,0.0
IL10_IL10RB,4.961894162497184
IL10_IL10RA,5.875089444296108
CLEC2D_KLRB1,0.0
PDYN_GRM7,0.0
PODXL2_SELL,0.030678382293083818
CD34_SELL,0.00384786226366206
CD34_SELP,0.0
MUC7_SELL,0.018154995323129218
PODXL_SELL,0.04547964448800449
MICA_KLRK1,0.022421378297583127
RAET1L_KLRK1,0.0
ULBP2_KLRK1,0.0013800297945074282
RAET1G_KLRK1,4.525460784202383e-05
CD55_CR1,1.1468570923604684
GPC3_LRP1,0.04659557146265875
A2M_LRP1,6.267364643529602
SERPINA1_LRP1,9.779279756786925
SERPINE2_LRP1,0.8143394940667726
MMP13_LRP1,0.029993832927737385
HPX_LRP1,0.01428662378216172
LIPC_LRP1,0.0
PSAP_LRP1,17.784384734679684
PSAP_SORT1,6.053789674588513
PSAP_GPR37,0.04912488689191158
PSAP_CD1B,1.853862736538172
PSAP_AR,0.0
ASIP_MC4R,0.0
ASIP_MC5R,0.0
ASIP_MC2R,0.006260261801801457
ASIP_F11R,0.053073608285701665
ASIP_MC1R,0.005691788398337109
ASIP_ATRN,0.029080548667775256
ASIP_MC3R,0.0004970507092466577
SFTPA2_CD93,0.0
MBL2_CD93,0.0
MBL2_CALCR,0.0
C1QA_CR1,2.7941882073697655
C1QA_CD93,8.404603331003727
C1QA_CSPG4,0.583607395351826
IGFL1_IGFLR1,0.0
IGFL3_IGFLR1,0.012001704896447455
GSTP1_EGFR,0.01118234706525546
GALP_GALR3,0.0
GALP_GALR1,0.0
NTNG2_LRRC4,0.000391348948469385
NTNG2_LRRC4C,0.0
GUCA2B_GUCY2D,0.0
NMS_NMUR2,0.0
NMS_NMUR1,0.0
NMS_GRM7,0.0
VEGFC_FLT1,0.0
VEGFC_CCBE1,0.0
VEGFC_ITGA9,0.0
VEGFC_KDR,0.0
DSC3_DSG3,0.019967639341865198
PDGFA_PDGFRA,0.002876483738851089
PDGFA_PDGFRB,0.014568802539682527
FGF21_FGFR3,0.0
FGF21_FGFR2,0.0
FGF21_KLB,0.0
NMB_GRPR,9.832157993196677e-05
NMB_BRS3,0.0
B2M_HLA-F,40.190069815453526
B2M_CD1B,2.281830191204335
B2M_LILRB1,33.54986014166238
B2M_CD247,0.042774180326781645
B2M_HFE,3.246489784601916
B2M_KIR3DL1,0.0
B2M_KLRC2,0.1066153742391024
B2M_CD3G,4.991781070990921
EDIL3_ITGB5,0.0023091915770565605
CP_SLC40A1,0.16359424784313417
SOSTDC1_LRP6,0.0
DKK1_LRP6,0.0006341138029100507
HSPA1A_GRIN2D,0.1323064089060183
HSPA1A_TLR4,6.377659839395369
IL27_IL27RA,0.09681545528130385
PROS1_AXL,0.865753287278154
PROS1_TYRO3,0.019791240320653814
INS_LILRB1,0.0
GREM1_KDR,0.0
NRG1_ERBB3,0.06641832742800202
NRG1_LGR4,0.0005675605653438991
NRG1_ERBB2,0.006984839218367328
NRG1_EGFR,0.0005540184871252069
NRG1_ERBB4,0.003421836075610968
SLIT2_SDC1,0.0
SLIT2_DCC,0.0
SLIT2_ROBO4,0.0
SLIT2_ROBO1,0.002258113405415714
SLIT2_ROBO2,8.898775971907212e-05
NPPA_NPR1,3.343956663138645e-05
PGF_FLT1,0.02945935140118286
NCAM1_ROBO1,3.648816480876024e-05
NCAM1_CACNA1C,0.0
NCAM1_FGFR2,0.00014119713235925477
NRG3_ERBB3,0.00036553806423782464
NRG3_ERBB4,1.8832322096244847e-05
NRG3_ERBB2,3.8441567346936704e-05
AREG_EGFR,0.0033688188712521234
AREG_ERBB3,0.4038697625371632
NRG2_ERBB3,0.0063097688442680586
NRG2_ERBB4,0.0003250758562610203
NRG2_ERBB2,0.000663562642857139
SEMA4D_ERBB2,0.029550377590101963
SEMA4D_PLXNB2,1.7493582535312227
IFNA14_IFNAR2,0.0
IFNA14_IFNAR1,0.0
IFNA10_IFNAR2,0.0
IFNA10_IFNAR1,0.0
IFNA8_IFNAR1,0.02572948315686569
IFNA8_IFNAR2,0.031908180597089934
IFNE_IFNAR2,0.0
IFNE_IFNAR1,0.0
IFNA21_IFNAR1,0.0
IFNA21_IFNAR2,0.0
IL24_IL20RA,0.0
IL24_IL10RB,0.06348135959113121
PTPN11_FCRL4,0.00678242592041757
EFEMP1_EGFR,7.938983948853402e-05
FGL1_EGFR,0.0
ANG_EGFR,0.0007068170414461912
CXCL2_DPP4,0.0
CXCL2_CXCR2,0.7190169880598567
CXCL2_GRM7,0.014795618597858355
CXCL2_XCR1,0.023822078854780777
CXCL1_GRM7,0.004820300822990663
CXCL1_CXCR2,0.2342503056810937
PPY_GRM7,0.00011512480927185605
PPY_NPY2R,7.351623885109502e-05
PPY_NPY5R,0.0
PPY_NPY1R,0.0
IL25_IL17RB,0.0
IFNL3_IL10RB,0.0
CCL3_CCR4,0.06419570990306103
CCL3_CCR1,13.96838916804403
CCL3_CCR3,0.0
FGF12_FGFR2,0.001862169564892537
FGF12_FGFR3,0.0
CGB5_LHCGR,0.0
CCL15_CCR1,0.002311716557999239
CCL15_CCR3,0.0
CCL23_CCR1,0.10756795676839252
CCL18_CCR8,0.004801430391534371
CCL18_CCR1,0.6636079374532625
CCL18_CCR3,0.0
LTBP3_ITGB5,0.08815963178831063
MST1_MST1R,0.0
CHAD_ITGA2,0.0
NUCB2_ERAP1,0.7548616156992313
FAT4_DCHS1,6.383717053413741e-05
CD86_CD28,1.3027979297781256
ACE2_SLC6A19,0.0
TSLP_IL7R,0.0
CER1_MRC2,0.0
CD200_CD200R1,0.027378108496655316
C4B_CR1,0.03796056326424788
C4B_CD46,0.18084159327516983
IL19_IL20RA,0.0
EDN1_EDNRB,0.007500001949715283
EDN1_KEL,0.0
SEMA4B_DCBLD2,0.005121057855946319
PTMA_VIPR1,0.12369714274080353
TNFSF18_TNFRSF18,0.0
OBP2A_OR1G1,0.0
F7_F3,0.00029020745264549255
RGMA_NEO1,0.0
RGMA_HFE,0.004078128529856383
RGMA_TFR2,0.0
WNT5B_KLRG2,0.0
CD5L_CD5,0.0045337430988662076
GSTO1_RYR1,0.1553992028190249
ANGPT4_TIE1,0.0
ANGPT4_TEK,0.0
IRAK4_TLR6,0.8997055365587073
IRAK4_TLR4,2.5745611069625207
COLQ_MUSK,0.001003823236331565
QRFP_QRFPR,0.0
GDF10_ACVR1B,0.0
GRN_FCRL4,0.0595924878667797
ICAM3_LRP1,1.7739854536672093
ICAM3_LDLR,0.7391971571435498
ICAM3_SORL1,1.4466619822789555
ICAM3_RYR1,0.0360180340626606
ICAM3_PTPRS,0.1002000564342214
ICAM3_FCRL4,0.0073582718388132615
CEACAM1_FCRL4,0.0010146399875850282
FGF4_FCRL4,0.0
SCT_IFNAR2,0.0
SCT_IFNAR1,0.0
SCT_FCRL4,0.0
FGF20_FCRL4,0.00018240077437641614
DLL3_LRP1,0.0
TCN2_ITGB2,9.469034138995415
TCN2_ITGAM,3.133878775339508
TCN2_FCRL4,0.013393415750434541
LGALS1_ITGB2,33.008568582344346
LGALS1_ITGB3,0.15549428947962932
LGALS1_FCRL4,0.046688762112433606
NID2_ITGA2,0.002772167020629877
NID2_PTPRS,0.003807326408643229
MMP2_FCRL4,0.0018888716488529743
CCL17_IFNAR2,0.23687700840105813
CCL17_IFNAR1,0.19100816417152924
AMH_FCRL4,0.0
COMP_FCRL4,0.0
LAMB1_ITGAM,0.16297002711076694
LAMB1_ITGB8,0.013029181918899775
LAMB1_DDR2,0.0
LAMB1_ITGA11,0.0001269711918136778
LAMB1_DDR1,0.009371129481963964
LAMB1_CD47,0.16966073178679952
LAMB1_LRP8,0.0016334529616899658
LAMB1_CD46,0.1934673378870644
LAMB1_COL17A1,0.0
CCL2_IFNAR2,2.8759613506191797
CCL2_IFNAR1,2.3190604335899208
COL1A1_ITGB5,0.04767627249162568
COL1A1_ITGB3,0.0028743864955820013
COL1A1_ITGB8,0.016145196385605298
COL1A1_CD47,0.2102362105827971
COL1A1_ITGAX,0.35631167770247707
COL1A1_CD151,0.08647771057944689
COL1A1_COL17A1,0.0
COL1A1_GPC4,0.006743172958742749
COL1A1_ITGA3,0.0030962630349584213
COL1A1_ITGA10,0.004959828326730909
VTN_ERBB4,0.0006167653002015585
VTN_ITGB2,0.25965022659668635
VTN_ITGB7,0.015450894989291995
VTN_CD36,0.0870149073481764
VTN_SDC3,0.04989221680681528
VTN_ITGAX,0.15162169622828786
VTN_FCRL4,0.0003672606290627337
CXCL6_IFNAR2,0.04083081572460315
APOC3_ITGB2,0.0
APOC3_ITGB5,0.0
APOC3_ITGAM,0.0
APOC3_ITGB3,0.0
APOC3_ITGB6,0.0
APOC3_ITGB8,0.0
APOC3_SDC1,0.0
APOC3_ITGA2,0.0
APOC3_ITGA2B,0.0
APOC3_TLR4,0.0
APOC3_LRP8,0.0
APOC3_GPIHBP1,0.0
APOC3_ITGA3,0.0
APOC3_FCRL4,0.0
CLEC2B_IFNAR2,2.8597038511204365
CLEC2B_IFNAR1,2.3059510349436123
FGF6_FCRL4,0.0
IL26_IFNAR2,0.01336499845685169
ULBP1_IFNAR2,0.12230538019606475
LAMA4_ITGB8,0.01730890319790255
LAMA4_ITGA2,0.009174041818493212
HBEGF_FCRL4,0.013411304052078538
LTF_ITGB2,0.0
LTF_ITGAM,0.0
LTF_LDLR,0.0
LTF_LRP8,0.0
LTF_RYR1,0.0
LTF_FCRL4,0.0
TFPI_ITGB2,0.31161601402909705
TFPI_ITGAM,0.10313267415522182
TFPI_ITGB8,0.008245285327452839
TFPI_SDC1,0.0
TFPI_LDLR,0.044278193701319836
TFPI_LRP8,0.0010337015648365408
TFPI_SORL1,0.08665560852426753
TFPI_RYR1,0.0021574940779399048
TFPI_FCRL4,0.00044076331008219635
CD160_IFNAR2,0.0
CD160_IFNAR1,0.0
TGFB3_FCRL4,0.0001875236350056677
IAPP_IFNAR2,1.6235037316462955
IAPP_IFNAR1,1.3091286039139318
IAPP_FCRL4,0.007690569304232758
TNFSF10_FCRL4,0.01984437647345794
C3_ITGB3,0.04888208728491523
C3_SDC1,0.0
C3_LDLR,1.4744570191174433
C3_LRP8,0.03442210263198905
C3_SORL1,2.8856183948328287
C3_RYR1,0.07184421994224183
C3_FCRL4,0.014677350225801125
DLL4_LRP1,0.003916544477595014
APOE_ITGB2,22.65465825724093
APOE_ITGB5,1.7701187299379226
APOE_ITGAM,7.497803010610905
APOE_ITGB8,0.5994368482919016
APOE_SDC1,0.0
APOE_TLR4,8.046415754603315
APOE_TRPM3,0.05259140940860417
APOE_RYR1,0.15685102442516247
APOE_FCRL4,0.03204373880897564
APOE_ASGR2,1.5163068166021043
F12_NOTCH2,0.08698532391213142
F12_NOTCH3,0.000687225905328794
F12_COL13A1,3.189345198412419e-05
F12_LRP1,0.12606443163004522
F12_LDLR,0.052529443962018044
F12_PTPRS,0.007120499853911549
CRP_ITGB2,0.0
CRP_LRP1,0.0
CRP_ITGAM,0.0
CRP_LDLR,0.0
CRP_TLR6,0.0
CRP_TLR4,0.0
CRP_LRP8,0.0
CRP_SORL1,0.0
CRP_LRP4,0.0
CRP_STAB2,0.0
CRP_TRPM3,0.0
CRP_RYR1,0.0
CRP_ASGR2,0.0
TSHB_IFNAR2,0.0
TSHB_IFNAR1,0.0
LACRT_EGFR,2.719322398588828e-06
LACRT_ERBB4,1.679560466112257e-05
LACRT_ITGB2,0.007070732667132329
LACRT_ITGB5,0.0005524707628054578
LACRT_ITGB7,0.0004207550648777764
LACRT_ITGB3,3.330827719576502e-05
LACRT_CD36,0.0023695690775187473
LACRT_TLR4,0.0025113623027713207
LACRT_SDC3,0.0013586528763541604
LACRT_CD151,0.0010021002950238726
LACRT_SSTR2,0.00027318755256108124
LACRT_FCRL4,1.0001153325774067e-05
IL1RN_IFNAR2,4.411110908672591
IL36A_IFNAR2,0.0
IL36A_IFNAR1,0.0
CCL21_IFNAR2,0.032448517727513206
CCL21_IFNAR1,0.02616518945023933
MMP7_ITGB2,0.024109464582677948
MMP7_ITGB5,0.0018837898299760417
MMP7_ITGB3,0.00011357305772486607
MMP7_SDC3,0.004632673153502087
MMP7_FCRL4,3.4101480461072706e-05
THBS1_ERBB4,0.025225449845653697
THBS1_ITGB2,10.619588628424559
THBS1_ITGB5,0.8297601544883977
THBS1_ITGB7,0.6319353188246409
THBS1_ITGAM,3.5146671684708175
THBS1_ITGB6,0.0
THBS1_ITGB8,0.2809917794961526
THBS1_ITGA7,0.14283363458326528
THBS1_ITGA2,0.14893088870373383
THBS1_CD93,2.6343896497789356
THBS1_ITGA8,0.0
THBS1_SDC3,2.0405713686186706
THBS1_ITGAX,6.201265688049729
THBS1_CD151,1.505062261375586
THBS1_MUSK,0.016619658133030915
THBS1_FCRL4,0.015020810307709664
VWF_ITGB2,0.0754344283774454
VWF_ITGB5,0.005894059095347351
VWF_TPO,6.360420561287348e-05
VWF_ITGAM,0.02496583606646757
VWF_ITGB8,0.001995976963582063
VWF_SDC1,0.0
VWF_ITGA2,0.0010579050517117601
VWF_LDLR,0.010718641151519846
VWF_LRP8,0.0002502332458723839
VWF_CD46,0.029637804739527047
VWF_ITGA3,0.000382780707237337
VWF_NT5E,0.0002972395552418729
TIMP2_ITGB2,6.854976313473993
TIMP2_ITGB5,0.5356126686167422
TIMP2_ITGAM,2.26872819961449
TIMP2_ITGB3,0.032291908345079286
TIMP2_ITGB8,0.18138103650939524
TIMP2_CD36,2.297264040972324
TIMP2_SDC1,0.0
TIMP2_SDC3,1.3171949392082392
TIMP2_FCRL4,0.009695978109070238
CKLF_TLR4,4.016690634697027
LAMC2_ITGA11,0.00015389725990778145
LAMC2_CD47,0.20563973105216443
NID1_ITGB2,1.2786449377884206
NID1_ITGB5,0.09990675328753527
NID1_ITGAM,0.42318130581326197
NID1_ITGB8,0.03383263975510669
NID1_ITGA2,0.017931930659880056
FGF2_EGFR,2.5188347707230362e-05
FGF2_ITGB5,0.005117387213389694
FGF2_ITGB3,0.00030852556062169157
FGF2_KDR,7.491713374905445e-05
FGF2_SSTR2,0.0025304623926779343
FGF2_ITGA9,0.00027922333673658197
FGF2_FCRL4,9.263797759826074e-05
FGF2_F2RL1,0.0016108691190353317
FGF10_FCRL4,0.0
F13A1_ITGB2,14.07031697502601
F13A1_ITGB5,1.0993823579614797
F13A1_ITGAM,4.656722859276889
F13A1_ITGB3,0.06628139403642841
F13A1_SDC3,2.7036344788137763
F13A1_FCRL4,0.019901671302550904
EGF_LRP1,0.0857870888423914
EGF_SORL1,0.06995825120331357
EGF_FCRL4,0.0003558342142309124
WNT2_FCRL4,0.0
ADAM2_ITGB2,0.03095849666772445
ADAM2_ITGB5,0.002418938047089916
ADAM2_ITGB3,0.00014583696444444221
ADAM2_FCRL4,4.378905079364998e-05
LUM_ITGB2,0.5574020668208435
LUM_FCRL4,0.0007884138457520738
FGF7_FCRL4,0.0001661928889474664
CALM2_FCRL4,0.04980542528902091
UCN2_IFNAR2,0.02993071643915327
UCN2_IFNAR1,0.024134934994204944
FGF18_FCRL4,0.0
SERPING1_FCRL4,0.03054200526568389
GPHA2_FCRL4,0.0
TNFSF4_IFNAR2,0.12005385761137552
PTH_IFNAR2,0.0
PTH_IFNAR1,0.0
PTH_FCRL4,0.0
WNT3A_LDLR,0.0076170016001511
WNT3A_ITGAX,0.03130304344965959
WNT3A_SORL1,0.014907019767875902
WNT3A_SCARB1,0.008712502091836653
WNT3A_RPSA,0.05308445652305319
WNT3A_TNFRSF21,0.006340122792063435
WNT3A_AR,0.0
WNT3A_TFR2,0.0
WNT3A_CFTR,1.8319004535147186e-05
WNT3A_PTGER2,0.007348296708163198
WNT3A_APLP2,0.039232664660619435
WNT3A_FCRL4,7.582275963718709e-05
WNT3A_ASGR2,0.0035879261148903684
APP_LDLR,1.1666820198138228
APP_AR,0.0
APP_TRPM3,0.01906073623346561
APP_CFTR,0.0028058879771825345
APP_FCRL4,0.011613631584325336
APP_ASGR2,0.5495559941302913
CXCL13_IFNAR2,0.0008199828128437992
CXCL13_IFNAR1,0.000661201409080279
CALM3_SORT1,1.3904653058756464
CALM3_ITGA4,3.1150180504656992
CALM3_LRP1,4.0848082423011185
CALM3_FZD2,0.7250720045395678
CALM3_FZD6,0.10583078435027697
CALM3_LRP6,0.03758255104899837
CALM3_RYK,0.37561606285446575
CALM3_TNFRSF11B,0.0
CALM3_LDLR,1.7020875982627794
CALM3_TLR4,4.254580379463328
CALM3_IFNAR1,2.884172750747169
CALM3_ITGAX,6.994946941128329
CALM3_SORL1,3.331107804080853
CALM3_SCARB1,1.9468870480556968
CALM3_PTK7,0.01675517373844779
CALM3_FZD3,0.4877049832782828
CALM3_RPSA,11.862199832886496
CALM3_TNFRSF21,1.4167575303673676
CALM3_TRPM3,0.02780795641465103
CALM3_GAS1,0.0
CALM3_TFR2,0.0
CALM3_CFTR,0.004093546525075576
CALM3_PTGER2,1.6420430704743025
CALM3_PDGFRA,0.03317849641331878
CALM3_APLP2,8.766892206549896
CALM3_MCAM,0.9142663404002841
CALM3_ENPEP,0.009086045487314148
CALM3_FCRL4,0.016943278420993853
CALM3_GPR37,0.01128325471315805
CALM3_ASGR2,0.801754399463026
TFF2_FCRL4,0.0
TFF1_ITGB2,0.08163602844211366
TFF1_ITGAM,0.027018322363435328
TFF1_SDC1,0.0
TFF1_LPAR1,0.0013745672980599616
TFF1_LPAR2,0.0036817718343537345
TFF1_LPAR3,0.0
TFF1_C1QBP,0.02968280587144111
TFF1_XCR1,0.00014425147722978038
S100A1_ITGB2,1.2602290094364623
S100A1_LRP1,0.4297435495429188
S100A1_ITGAM,0.41708635609154754
S100A1_LRP8,0.004180467756657832
S100A1_SORL1,0.3504502553660624
S100A1_ASGR2,0.08434882644400349
SCGB3A1_FCRL4,0.0
SHANK1_PLXNA1,0.001103590872901231
SHANK1_NOTCH2,0.002810785521460057
SHANK1_NOTCH3,2.220655781683026e-05
SHANK1_ITGB5,0.0009333816980883064
SHANK1_COL13A1,1.0305836552027297e-06
SHANK1_LRP1,0.004073561645350203
SHANK1_TPO,1.007234581128729e-05
SHANK1_ITGAM,0.0039535834447789
SHANK1_ITGB8,0.0003160824039046348
SHANK1_SDC1,0.0
SHANK1_ITGA7,0.00016067088744897901
SHANK1_ITGA2,0.0001675295747140331
SHANK1_CD93,0.00296337570734882
SHANK1_DDR2,0.0
SHANK1_ITGA11,3.080267033257661e-06
SHANK1_DDR1,0.00022733960983874955
SHANK1_CD47,0.004115897090484365
SHANK1_ITGA2B,1.1398636753589905e-06
SHANK1_LDLR,0.0016974012844734128
SHANK1_LRP8,3.9626873122952624e-05
SHANK1_CD46,0.0046934352146598465
SHANK1_ITGAX,0.0069756879345181195
SHANK1_LRP4,6.328075585788326e-07
SHANK1_BCAM,3.92526525888127e-06
SHANK1_STAB2,2.4327511463843605e-06
SHANK1_COL17A1,0.0
SHANK1_GPC4,0.00013201439411690557
SHANK1_PTPRB,0.0001752695545137308
SHANK1_RYR1,8.270737609221434e-05
SHANK1_PTPRS,0.00023008706520597036
SHANK1_ATP1A3,0.0
SHANK1_CFTR,4.0822758692365605e-06
SHANK1_ITGA3,6.061705536659081e-05
SHANK1_NT5E,4.707078030990156e-05
SHANK1_ROBO4,0.0
SHANK1_CSPG4,0.0002057738967447711
SHANK1_ITGA10,9.710098428193466e-05
WNT1_FCRL4,0.0
FGF19_FCRL4,0.0
ARPC5_ITGB2,27.524787156832858
ARPC5_LRP1,9.386071614460059
ARPC5_ITGAM,9.109624593209816
ARPC5_SDC1,0.0
ARPC5_LRP8,0.09130601212668778
ARPC5_FCRL4,0.03893226198388111
COL6A3_DDR2,0.0
COL6A3_ITGA11,0.00010941766404270323
COL6A3_DDR1,0.008075588507217181
COL6A3_COL17A1,0.0
CXCL5_IFNAR2,0.5095322560087301
PPBP_IFNAR2,0.23675394732685182
PF4_TLR4,0.0714912128130511
PF4_SORL1,0.0559737778311287
PF4_AR,0.0
PF4_FCRL4,0.00028470387566137384
LIPH_ITGB2,0.08114383420111478
LIPH_CNR1,0.0
LIPH_ITGAM,0.0268554253812755
LIPH_SDC1,0.0
LIPH_LPAR3,0.0
LIPH_C1QBP,0.02950384437140965
LIPH_FCRL4,0.00011477338565759563
CAMP_FCRL4,0.0
COL1A2_ERBB4,0.0014007347494507365
COL1A2_ITGB2,0.589691240700278
COL1A2_ITGB5,0.046075447185801845
COL1A2_ITGAM,0.19516466369296265
COL1A2_ITGB8,0.015603089429863059
COL1A2_SDC1,0.0
COL1A2_SDC3,0.1133101388576783
COL1A2_ITGAX,0.3443478071937903
COL1A2_CD151,0.08357405011585665
COL1A2_COL17A1,0.0
COL1A2_GPC4,0.006516757566981606
COL1A2_ITGA3,0.002992299869198787
COL1A2_FCRL4,0.000834085064554039
DEFB1_IFNAR2,0.3525133977969575
DEFB1_IFNAR1,0.2842527327306624
JAM3_ITGAM,0.002784456595918349
JAM3_FCRL4,1.1900072562358128e-05
HSP90B1_EGFR,0.009178762492063269
HSP90B1_ERBB4,0.056691647218820584
HSP90B1_ITGB2,23.866451374121866
HSP90B1_ITGB5,1.8648020250308956
HSP90B1_ITGA4,6.206355350945977
HSP90B1_ITGB7,1.4202107149376415
HSP90B1_SDC2,3.2730056784614514
HSP90B1_ITGAM,7.898858986685206
HSP90B1_LRP6,0.0748793949268705
HSP90B1_ITGB3,0.1124282893261902
HSP90B1_ITGB6,0.0
HSP90B1_ITGB8,0.6315006048278342
HSP90B1_CD36,7.998210062318793
HSP90B1_SDC1,0.0
HSP90B1_C5AR1,11.59592041407517
HSP90B1_ITGA8,0.0
HSP90B1_ITGA2B,0.0022773320865645493
HSP90B1_TNFRSF11B,0.0
HSP90B1_LDLR,3.391235717455214
HSP90B1_SELP,0.0
HSP90B1_LRP8,0.07917047591213125
HSP90B1_SDC3,4.585977766992632
HSP90B1_ITGAX,13.936717436088268
HSP90B1_SORL1,6.636892117316722
HSP90B1_RYR1,0.16524095419659854
HSP90B1_MUSK,0.03735100073696128
HSP90B1_CFTR,0.008155973406462565
HSP90B1_FCRL4,0.0337577519574828
HSP90B1_ASGR2,1.5974137634637189
CD14_EGFR,0.016554326014108948
CD14_ERBB4,0.10224602838876243
CD14_SORT1,4.996473620802783
CD14_ITGB5,3.3632573781950748
CD14_ITGB7,2.5614162262219704
CD14_SDC2,5.903018309290754
CD14_ITGAM,14.245960380620753
CD14_LRP6,0.13504847918556268
CD14_ITGB3,0.20276966054232756
CD14_ITGB6,0.0
CD14_ITGB8,1.1389407776338496
CD14_CD36,14.425144676686038
CD14_SDC1,0.0
CD14_C5AR1,20.91378300007748
CD14_ITGA8,0.0
CD14_ITGA2B,0.004107274573884972
CD14_TNFRSF11B,0.0
CD14_LDLR,6.116251695801838
CD14_SELP,0.0
CD14_F3,3.297224767853365
CD14_CALCR,0.007869657816830139
CD14_LRP8,0.14278764376732128
CD14_SDC3,8.27102467395755
CD14_ITGAX,25.135519543404204
CD14_SSTR2,1.6630745256390147
CD14_GPIHBP1,0.0
CD14_MUSK,0.06736427091206823
CD14_CD40,10.839968299423656
CD14_NTRK1,0.0
CD14_CD79A,0.016283609785209856
CD14_PDGFRA,0.11922302656997961
CD14_ITGA9,0.18351160627173038
CD14_FCRL4,0.06088367924225211
CD14_ASGR2,2.8810101843978337
COL3A1_CD93,0.1413857726705124
COL3A1_ITGA11,0.00014696278080725245
COL3A1_CD47,0.19637378039083273
COL3A1_COL17A1,0.0
COL3A1_ITGA10,0.004632790116934235
FGB_ITGB5,0.039211680865994886
FGB_ITGB8,0.013278728707290808
FGB_CD36,0.16818045897265554
FGB_SDC1,0.0
FGB_LDLR,0.07130840213025504
FGB_SDC3,0.09643055629719387
FGB_FCRL4,0.0007098330968877507
FGA_ITGB5,0.0075014025641975115
FGA_SDC1,0.0
FGA_LDLR,0.013641675612345637
FGA_SDC3,0.018447676975308597
FGA_FCRL4,0.00013579483703703588
CXCL11_IFNAR2,0.8478200765264547
CXCL11_IFNAR1,0.6836482673358525
CCL19_IFNAR2,0.18841923506587294
CCL19_IFNAR1,0.15193375003960685
PLG_ITGB5,0.003133141423996888
PLG_LRP1,0.013673982209413472
PLG_SDC1,0.0
PLG_LDLR,0.005697774327932049
PLG_SDC3,0.007705116531635741
PLG_FCRL4,5.67179837962955e-05
LEP_ITGAM,0.15466066616121432
LEP_FCRL4,0.000660981087857139
GNAI2_IFNAR2,3.9963697974247037
GNAI2_IFNAR1,3.2225130818277803
GNAI2_AR,0.0
GNAI2_TFR2,0.0
GNAI2_HFE,0.6768844576001763
GNAI2_FCRL4,0.01893088281433852
DEFB103A_IFNAR2,0.025483543826454846
DEFB103A_IFNAR1,0.020548912516805087
TAC1_IFNAR2,0.0
TAC1_IFNAR1,0.0
LPA_SDC1,0.0
LPA_FCRL4,0.00010830727753590245
MMP1_ITGB2,0.6459966512253078
MMP1_ITGB5,0.05047486299845676
MMP1_ITGAM,0.21379954539166657
MMP1_ITGB3,0.00304311257962962
MMP1_ITGB8,0.017092917148456774
MMP1_SDC1,0.0
MMP1_CD93,0.1602516774731481
MMP1_FCRL4,0.0009137258981481422
LAMA3_ITGB2,0.0799401137329929
LAMA3_ITGAM,0.026457041135204005
LAMA3_ITGB8,0.0021151963222789043
LAMA3_SDC1,0.0
LAMA3_ITGA2,0.0011210935374149616
PSEN1_LRP1,2.6748411648565984
PSEN1_LDLR,1.1145722648318053
PSEN1_SORL1,2.181298056212085
PSEN1_FCRL4,0.011094909699499177
BGN_SELP,0.0
BGN_CALCR,6.472137818089948e-05
P4HB_TLR6,2.748541802793775
P4HB_LRP8,0.07345740972661224
P4HB_TRPM3,0.05140643641868226
JAG2_LRP1,0.0
CALCA_IFNAR2,0.0
CALCA_IFNAR1,0.0
CALCA_FCRL4,0.0
FGF3_FCRL4,0.0
FGG_ITGB5,0.0
FGG_ITGAM,0.0
FGG_ITGB8,0.0
FGG_CD36,0.0
FGG_SDC1,0.0
FGG_SDC3,0.0
FGG_FCRL4,0.0
COL9A3_FCRL4,0.0
ICAM4_ITGB5,0.2698104232959376
ICAM4_SDC2,0.47355753356234187
ICAM4_ITGB8,0.09136918729880489
ICAM4_CD36,1.157227637871268
ICAM4_SDC1,0.0
ICAM4_LDLR,0.4906637445375652
ICAM4_TLR4,1.22647526634598
ICAM4_SDC3,0.6635259860990017
ICAM4_FCRL4,0.004884268261676086
HMGB1_EGFR,0.008307127476719377
HMGB1_ITGB2,21.600041852394416
HMGB1_SDC3,4.1504834610057655
HMGB1_FCRL4,0.030552043271711852
COL18A1_ITGB2,0.6491082283692711
COL18A1_ITGB8,0.01717524873674274
COL18A1_CD36,0.2175314579571866
COL18A1_SDC3,0.12472721046837991
COL18A1_ITGAX,0.3790441160444715
COL18A1_CD151,0.09199492864083644
COL18A1_FCRL4,0.0009181270488586487
HP_LRP1,0.19088893702967993
HP_SDC1,0.0
HP_LDLR,0.07954099019853857
HP_FCRL4,0.0007917836568405087
ADAM15_ITGB5,0.4400898148787127
ADAM15_FCRL4,0.00796676677216927
APOA4_ITGB2,0.0
APOA4_COL13A1,0.0
APOA4_ITGAM,0.0
APOA4_ITGA2,0.0
APOA4_LRP8,0.0
APOA4_STAB2,0.0
APOA4_FCRL4,0.0
PYY_IFNAR2,0.0
F8_ITGB2,0.3310425512203576
F8_TPO,0.0002791258440917065
F8_ITGAM,0.10956209575074834
F8_ITGA2,0.0046425961566943785
F8_LRP8,0.0010981438302847027
F8_SORL1,0.0920578289687881
F8_LRP4,1.753642569916433e-05
F8_STAB2,6.741664056437081e-05
F8_RYR1,0.0022919949927135285
CCL28_IFNAR2,0.5352535764624733
CCL28_IFNAR1,0.4316071183795209
CNTF_FCRL4,0.0
THBS2_ITGB2,0.2898865857273764
THBS2_ITGB5,0.022650250077807972
THBS2_ITGAM,0.09594108595779577
THBS2_ITGB8,0.00767032984286922
THBS2_SDC1,0.0
THBS2_ITGA2,0.00406541800688132
THBS2_CD93,0.07191184590765523
THBS2_ITGA2B,2.7660920879817614e-05
THBS2_ITGAX,0.16927809545140107
THBS2_ITGA3,0.001470986056235823
THBS2_FCRL4,0.0004100282569614481
C4BPA_ITGB2,0.0
C4BPA_LDLR,0.0
C4BPA_LRP8,0.0
C4BPA_SORL1,0.0
C4BPA_RYR1,0.0
C4BPA_PTPRS,0.0
C4BPA_FCRL4,0.0
VIP_IFNAR2,0.0
VIP_IFNAR1,0.0
VIP_FCRL4,0.0
APOA2_ITGB2,0.2808221584667229
APOA2_COL13A1,2.4227032658728048e-05
APOA2_ITGAM,0.0929411161841326
APOA2_ITGA2,0.003938296961541943
APOA2_LRP8,0.0009315513053854836
APOA2_STAB2,5.7189284126981455e-05
APOA2_FCRL4,0.00039720713486394294
ADAM12_ITGB2,0.15906021954378277
ADAM12_ITGB3,0.0007492889538888863
ADAM12_FCRL4,0.00022498172658730003
S100A8_LRP1,6.091017402409542
S100A8_SDC2,2.4495643620747054
S100A8_ITGAM,5.9116192807624195
S100A8_LDLR,2.5380494178604813
S100A8_F3,1.3682431362904017
S100A8_CALCR,0.003265657045225376
S100A8_IFNAR1,4.300702841918468
S100A8_SORL1,4.967145187831074
S100A8_RYR1,0.12366869853567648
S100A8_CD40,4.498241177821808
S100A8_CD79A,0.006757178806815104
S100A8_FCRL4,0.02526478541817825
COL11A1_DDR2,0.0
COL11A1_ITGA11,0.0
COL11A1_COL17A1,0.0
COL11A1_ITGA10,0.0
SFTPD_LRP6,0.0007442012501889613
MMP9_ITGB5,0.17689524562366468
MMP9_SDC2,0.31047753898138075
MMP9_ITGB3,0.010664955093597859
MMP9_ITGB8,0.05990418988346056
MMP9_CD36,0.7587107449114382
MMP9_SDC1,0.0
MMP9_LDLR,0.3216928484389896
MMP9_TLR4,0.8041114232775763
MMP9_LRP8,0.007510116674388991
MMP9_SDC3,0.4350261596822249
MMP9_SORL1,0.6295760330113618
MMP9_RYR1,0.015674768038291754
MMP9_CD79A,0.0008564593275761881
MMP9_FCRL4,0.003202262623091441
GHRH_IFNAR2,0.0
GHRH_IFNAR1,0.0
F10_FCRL4,0.0
FGF14_FCRL4,0.0
HLA-C_RYK,1.5816905564893546
HLA-C_FZD3,2.0536884406430205
HLA-C_TFR2,0.0
HLA-C_FCRL4,0.0713468515451621
ANXA1_FCRL4,0.03885816929109955
ACTR2_ITGB2,20.066742151637964
ACTR2_LRP1,6.842845971196623
ACTR2_ITGAM,6.641304318488879
ACTR2_SDC1,0.0
ACTR2_LRP8,0.06656597167494308
ACTR2_FCRL4,0.02838327715884337
AGRN_ITGB2,0.29367297586104457
AGRN_ITGAM,0.09719423253017853
AGRN_ITGB8,0.007770516821739411
AGRN_ITGA2,0.00411851897597883
AGRN_LRP8,0.0009741804048280383
AGRN_FCRL4,0.0004153838926587275
INSL3_IFNAR2,0.1459951674164517
INSL3_IFNAR1,0.1177246753256739
AVP_GRM7,0.0
AVP_LRP1,0.0
AVP_DPP4,0.0
AVP_CALCR,0.0
AVP_IFNAR2,0.0
AVP_IFNAR1,0.0
AVP_SORL1,0.0
AVP_AR,0.0
AVP_HLA-F,0.0
AVP_FCRL4,0.0
COL2A1_ITGB8,0.0
COL2A1_CD93,0.0
COL2A1_DDR2,0.0
COL2A1_ITGA11,0.0
COL2A1_CD47,0.0
COL2A1_COL17A1,0.0
RLN2_IFNAR2,0.010550436095290933
RLN2_IFNAR1,0.00850745052621813
LAMA1_ITGB2,0.2670729326238404
LAMA1_ITGB5,0.020867708306560182
LAMA1_ITGAM,0.08839066189134341
LAMA1_SDC1,0.0
LAMA1_CD93,0.06625248811965789
LAMA1_ITGA11,6.886583922524382e-05
LAMA1_CD47,0.09201952435960616
LAMA1_ITGA2B,2.5484046596748912e-05
LAMA1_LRP8,0.0008859419797115097
LAMA1_CD46,0.10493160216860521
LAMA1_COL17A1,0.0
LAMA1_ROBO4,0.0
CCL25_IFNAR2,0.0
CCL25_IFNAR1,0.0
LAMB3_ITGA11,0.00022763914828797618
LAMB3_CD47,0.3041747023886828
CCL8_IFNAR2,1.0251624004186506
CCL8_IFNAR1,0.8266500383612997
COL4A6_DDR2,0.0
COL4A6_ITGA11,0.0
COL4A6_DDR1,0.0
COL4A6_COL17A1,0.0
COL4A6_ITGA10,0.0
CCL26_IFNAR2,0.0
CCL26_IFNAR1,0.0
SPP1_EGFR,0.010173937930863946
SPP1_ERBB4,0.06283824213791854
SPP1_ITGB2,26.454088459120428
SPP1_ITGB7,1.574192128298059
SPP1_SDC2,3.627869949661022
SPP1_LRP6,0.082997933212169
SPP1_ITGB6,0.0
SPP1_TLR4,9.395886344173894
SPP1_SDC3,5.083196476000881
SPP1_SSTR2,1.0220903577609692
SPP1_FCRL4,0.03741781894867702
LGALS9_LDLR,3.1115300758218924
LGALS9_ITGAX,12.787231284872403
LGALS9_SORL1,6.08948806676071
LGALS9_FCRL4,0.030973447220785908
ADM2_IFNAR2,0.3129794477651745
ADM2_IFNAR1,0.2523741334989688
ADM2_FCRL4,0.0014825898375963632
CXCL12_VIPR1,0.029721181460455985
CXCL12_ADRB3,0.00451647627577474
CXCL12_GPR84,1.8824117643183425
CXCL12_IL2RG,3.124198463860769
CXCL12_F3,0.7061052317380804
CXCL12_FZD4,0.1869894228181885
CXCL12_IFNAR2,2.7524317956337825
CXCL12_IFNAR1,2.219451131370359
CXCL12_CD40,2.321394162364361
CXCL12_HFE,0.46619266922436375
CXCL12_CD79A,0.0034871574946962846
CXCL12_FCRL4,0.013038323883635601
CXCL12_LILRB1,4.81772618713585
COL4A3_ITGB8,0.00013917051713339685
COL4A3_DDR2,0.0
COL4A3_ITGA11,1.3562360657594863e-06
COL4A3_DDR1,0.00010009722362055067
COL4A3_COL17A1,0.0
COL4A4_ITGB8,0.004949699780495967
COL4A4_DDR2,0.0
COL4A4_ITGA11,4.8235513492818146e-05
COL4A4_DDR1,0.0035600299257923904
COL4A4_COL17A1,0.0
SAA1_FCRL4,0.00017856139285714182
MDK_ERBB4,0.006214497503023401
MDK_ITGB2,2.6162231959503
MDK_ITGB5,0.20441825377654949
MDK_ITGB7,0.15568247483938016
MDK_SDC2,0.3587845231885865
MDK_ITGAM,0.8658672283770409
MDK_LRP6,0.008208225296485233
MDK_ITGB3,0.012324308034126952
MDK_ITGB6,0.0
MDK_ITGB8,0.06922464109593723
MDK_CD36,0.8767580216726473
MDK_ITGA8,0.0
MDK_ITGA2B,0.0002496395017573612
MDK_TNFRSF11B,0.0
MDK_TLR4,0.9292225599882841
MDK_ITGAX,1.5277329193243199
MDK_CD151,0.3707844943278534
MDK_MUSK,0.004094389777021901
MDK_ITGA3,0.013275632715419483
MDK_FCRL4,0.0037005004359410214
MDK_ASGR2,0.17510734528533634
TF_ITGB2,0.11648944431050588
TF_LRP1,0.03972340495848814
TF_ITGAM,0.03855343551591823
TF_FCRL4,0.00016476776145124558
CLEC2A_IFNAR2,0.0
TNF_LDLR,1.1417048040020148
TNF_FCRL4,0.011364998128495774
LAMA2_ITGAM,0.018927092858809506
LAMA2_DDR2,0.0
LAMA2_ITGA11,1.4746242486772102e-05
LAMA2_DDR1,0.0010883488273368592
LAMA2_CD47,0.019704141196710732
LAMA2_LRP8,0.00018970676040564287
LAMA2_CD46,0.022469004480476153
LAMA2_COL17A1,0.0
HRAS_FCRL4,0.000880496151606193
COL9A3_ITGB2,0.0
COL9A3_ITGAM,0.0
COL9A3_SDC1,0.0
ADM_IFNAR2,3.3103457251410044
ADM_IFNAR1,2.6693306539134274
ADM_FCRL4,0.01568117320823876
PTHLH_IFNAR2,0.009820698070198242
PTHLH_IFNAR1,0.007919018911685423
ADCYAP1_IFNAR2,0.0
ADCYAP1_IFNAR1,0.0
ADCYAP1_FCRL4,0.0
S100A4_FCRL4,0.04113868217770197
GNRH2_IFNAR2,0.043316083625528995
CLEC2D_IFNAR2,0.6330326299600937
CLEC2D_IFNAR1,0.5104522440803181
PODXL2_FCRL4,0.00014436208522297685
CD34_FCRL4,1.8106737660619364e-05
MUC7_FCRL4,8.543126417233496e-05
PODXL_FCRL4,0.00021401181622826763
RAET1L_IFNAR2,0.0
ULBP2_IFNAR2,0.06996884910645483
GPC3_ITGB2,0.13664216933789675
GPC3_ITGAM,0.04522319679267858
GPC3_LDLR,0.019415781504563485
GPC3_LRP8,0.0004532733168650778
GPC3_FCRL4,0.00019327265654761792
A2M_LRP8,0.06096779309278763
A2M_STAB2,0.003742901138800533
SERPINA1_LRP8,0.09513107003017733
SERPINA1_STAB2,0.0058402342005288346
SERPINE2_LRP8,0.007921747752910024
SERPINE2_STAB2,0.000486327570370348
MMP13_LRP8,0.00029177459809775574
MMP13_STAB2,1.7912465255731047e-05
HPX_LRP8,0.00013897769992441336
HPX_STAB2,8.532042328041915e-06
LIPC_LRP8,0.0
LIPC_STAB2,0.0
PSAP_ASGR1,7.227923983832201
PSAP_LDLR,7.410526738111868
PSAP_ITGAX,30.454508564548323
PSAP_SORL1,14.502933618028274
PSAP_LRP4,0.0027627157913825556
PSAP_SCARA5,0.003151257372184168
PSAP_TNFRSF21,6.168260417926987
PSAP_CFTR,0.01782242935600904
PSAP_FCRL4,0.07376742413151889
PSAP_ASGR2,3.4906678250188983
SFTPA2_NOTCH2,0.0
SFTPA2_NOTCH3,0.0
SFTPA2_LRP1,0.0
SFTPA2_DDR2,0.0
SFTPA2_ITGA11,0.0
SFTPA2_FCRL4,0.0
MBL2_LRP1,0.0
MBL2_LDLR,0.0
MBL2_LRP8,0.0
MBL2_SORL1,0.0
MBL2_RYR1,0.0
MBL2_ASGR2,0.0
C1QA_NOTCH2,7.9718333715892555
C1QA_NOTCH3,0.06298131868146858
C1QA_LRP1,11.553266664316798
C1QA_ITGA2,0.4751404346709999
C1QA_ITGA11,0.00873612566368081
C1QA_COL17A1,0.0
C1QA_PTPRS,0.652563395810865
GSTP1_FCRL4,0.041126556968631656
GALP_IFNAR2,0.0
VEGFC_ITGB5,0.0
VEGFC_ITGB3,0.0
VEGFC_SDC3,0.0
VEGFC_FCRL4,0.0
FGF21_FCRL4,0.0
NMB_IFNAR2,0.37199240989920607
SFTPA1_FCRL4,8.803105479969692e-05
RNASE2_FCRL4,0.007773407478269041
HSPA1A_ASGR2,1.2018381082175924
GC_LRP1,0.033534150055845265
GC_FCRL4,0.0001390954990551766
ALB_LRP1,0.0
ALB_FCRL4,0.0
INS_ITGB2,0.0
INS_LRP1,0.0
INS_LDLR,0.0
INS_SORL1,0.0
INS_RYR1,0.0
INS_PTPRS,0.0
INS_FCRL4,0.0
SCGB1A1_ITGB2,0.0
SCGB1A1_ITGAM,0.0
SCGB1A1_FCRL4,0.0
LCN2_LRP1,0.03840458998158214
LCN2_FCRL4,0.00015929748034769313
NRG1_LDLR,0.20469069586385727
NRG1_CFTR,0.0004922842323885098
NRG1_FCRL4,0.002037575183408907
IFNE_SORT1,0.0
IFNE_ITGB2,0.0
IFNE_ITGB5,0.0
IFNE_ITGA4,0.0
IFNE_CNR1,0.0
IFNE_LRP1,0.0
IFNE_SDC2,0.0
IFNE_ITGAM,0.0
IFNE_LRP6,0.0
IFNE_SDC1,0.0
IFNE_C5AR1,0.0
IFNE_TNFRSF11B,0.0
IFNE_LDLR,0.0
IFNE_SELP,0.0
IFNE_F3,0.0
IFNE_CALCR,0.0
IFNE_TLR6,0.0
IFNE_TLR4,0.0
IFNE_SDC3,0.0
IFNE_SORL1,0.0
IFNE_AGER,0.0
IFNE_TRPM3,0.0
IFNE_RYR1,0.0
IFNE_GPIHBP1,0.0
IFNE_CD40,0.0
IFNE_HFE,0.0
IFNE_CD79A,0.0
IFNE_C1QBP,0.0
IFNE_FCRL4,0.0
IFNE_XCR1,0.0
FGL1_FCRL4,0.0
ANG_FCRL4,0.0025995393589380053
CXCL1_IFNAR2,1.311483226693161
PPY_IFNAR2,0.031322579623280285
CCL3_IFNAR2,7.9965637672376975
CCL3_IFNAR1,6.448109823620254
CCL3L3_IFNAR2,3.260628938002031
CCL3L3_IFNAR1,2.629241021306097
FGF12_FCRL4,4.877615946900941e-05
CCL15_IFNAR2,0.0013234016210051437
CCL15_IFNAR1,0.0010671382410480039
CCL23_IFNAR2,0.06158004443187829
CCL23_IFNAR1,0.049655689743512185
CCL18_IFNAR2,0.3798994375407405
CCL18_IFNAR1,0.30633574201340363
CHAD_FCRL4,0.0
CD86_IFNAR2,4.850297069730142
IL19_IFNAR2,0.03257808547920631
GSTO1_LRP8,0.07445508229703303
GSTO1_STAB2,0.004570905361375453
GSTO1_DCHS1,0.11912663947580102
CD59_IFNAR2,1.9853177176630423
PLTP_PLXNA1,1.579112368185926
PLTP_ITGA7,0.22990167081673463
PLTP_PTPRB,0.2507906943552985
PLTP_RYR1,0.11834479944916093
PLTP_CFTR,0.005841270051927424
PLTP_NRXN2,0.02375963469236556
APOC1_LRP8,0.0738907313206473
APOC4_LRP8,0.001897457005617276
QRFP_IFNAR2,0.0
VIM_FCRL4,0.0594525273342967
