B2M_HLA-F,0.9735995476248375
HLA-A_APLP2,0.8146172632038569
HMGB1_SDC3,0.5925278636060747
HLA-C_FZD3,0.5540453728658203
PRND_RPSA,0.43603280373083575
CLEC2D_IFNAR1,0.4290864224596387
IAPP_IFNAR1,0.41848807787875447
PSAP_SORT1,0.39616126649956424
SYK_FCGR2A,0.3739029136110302
HSP90B1_SDC3,0.33262140801426016
ACTR2_LDLR,0.31198304280448164
CLEC2D_IFNAR2,0.30682029034131486
CDH1_ERBB3,0.29907553709489
IAPP_IFNAR2,0.293018796688961
HLA-A_ERBB2,0.28863080951167347
PSAP_LDLR,0.2884843271352328
GRN_SORT1,0.278949840485354
ACTR2_LRP1,0.2689487745454148
B2M_CD3G,0.2651834503924231
EREG_ERBB3,0.2568654011658024
HSP90B1_LDLR,0.2543069239297152
LGALS9_CD47,0.2536653164879245
WNT7B_TMED5,0.25185064346320085
ICAM3_PTPRS,0.2493817657357949
ARPC5_LDLR,0.2486945748593304
PSAP_LRP1,0.24841555691142203
HLA-C_CD3G,0.24841246385369187
HSP90B1_ITGB8,0.24490773087862375
HLA-A_CD3G,0.24417225774364795
CALM3_RPSA,0.24175779565746003
CALM2_AQP6,0.24143643352288285
ADM2_IFNAR1,0.23922597549631763
IL10_IL10RB,0.23099309703911
ICAM4_SDC3,0.22305752677137705
PSAP_TNFRSF21,0.22264942850683142
HSP90B1_ITGB3,0.21959304088160458
HSP90B1_LRP1,0.219175955275818
LAMC2_CD47,0.21839858068582857
ICAM3_LDLR,0.21682668900321617
ARPC5_LRP1,0.21422354391773862
CDH1_PTPRM,0.20212890287667343
LAMC2_CD151,0.201421036919074
GRN_TNFRSF1A,0.1967822529192874
HLA-C_RYK,0.19287061832915978
ICAM3_LRP1,0.18674756688097996
HMGB1_THBD,0.1855867216319889
ICAM4_LDLR,0.1849700041001412
IRAK4_TLR6,0.18431076838865826
LGALS9_LDLR,0.1808283904114928
ICAM4_ITGB8,0.17366017435312675
GNAI2_EDNRB,0.17163051868634327
SEMA4D_PLXNB2,0.16738089388181365
ADM2_IFNAR2,0.16373579361066903
CALM3_APLP2,0.16304056129647312
CALM3_SORT1,0.15943606432065965
TLN1_ITGB3,0.15824180827602652
CALM3_MCAM,0.15814059074231093
LGALS9_SLC1A5,0.15608861723787604
HSP90B1_LRP6,0.1560350440577655
HSP90B1_ITGB5,0.15273036871102838
GNAI2_IFNAR1,0.14815657915267133
ICAM4_ITGB3,0.14793424852217998
GDNF_EDNRB,0.13974650238633776
WNT7B_FZD4,0.1396959502031677
B2M_LILRB1,0.13873108148414143
CALM3_IFNAR1,0.1380659204352505
HSP90B1_ERBB2,0.13529146193539154
APP_RPSA,0.13460857555669398
LAMC2_ITGA3,0.13349438411169282
HLA-C_LILRB1,0.1332254611270507
HLA-A_LILRB1,0.131627709352777
IAPP_RAMP1,0.13140375302294385
CALM3_FZD3,0.13084708189227784
COL4A3_CD47,0.1304503857392696
FGB_SDC3,0.1297904223143885
GNAI2_TBXA2R,0.12757113298118933
ICAM3_CD209,0.1270538511294943
GNAI2_F2R,0.12572733452785567
BMP7_ACVR2B,0.12360326090193259
LAMC2_ITGA2,0.12194553809737499
CALM3_LDLR,0.12171289122834225
CALM2_MYLK,0.11754279675188331
LGALS9_HAVCR2,0.11639445318228508
TNFSF10_TNFRSF10B,0.11481769499271882
AREG_ERBB3,0.11200201264528117
TLN1_ITGB5,0.11185428913075375
FGB_LDLR,0.11058611207303722
ARF6_SMAP1,0.1088927051438039
CCL28_IFNAR1,0.10831596551351724
CALM3_SCARB1,0.10661178368992019
ICAM4_ITGB5,0.10522926360068274
GNAI2_IFNAR2,0.10510606925282283
CALM3_LRP1,0.10508002200273914
EGF_ERBB3,0.1048082656853359
FGB_ITGB8,0.10297910096142046
CLEC2B_IFNAR1,0.10154929105757764
PSEN1_NOTCH2,0.10142353684845694
CDH1_ITGAE,0.10088182223120216
CALM2_GP6,0.10083232999278269
BMP7_ACVR1,0.10028659154454037
EREG_ERBB2,0.09799498525467236
B2M_HFE,0.09744217804555785
ADAM28_ITGA4,0.09734716672070662
B2M_KLRC2,0.09512813111161345
COL4A4_CD47,0.09239573001020089
COL4A3_ITGB8,0.09228830203015256
HSP90B1_SDC2,0.09055464055664067
PSEN1_LDLR,0.09035821586875412
BMP7_BMPR1A,0.08975860604373903
DSC3_DSG3,0.0897111257571997
LAMA4_ITGB8,0.08969821925781823
CALM3_TNFRSF21,0.08942236937130314
APP_APLP2,0.08907907903434462
PSAP_GPR37,0.08765084310835146
FGB_ITGB3,0.08621662187689563
CALM2_AQP1,0.08482480895011409
CD55_CR1,0.08454224916985212
GRN_TNFRSF1B,0.08438466111919272
CALM3_AQP6,0.0825609477952396
COL4A3_DDR1,0.08179292094652559
EGF_AXL,0.08044192059349838
COL4A3_ITGB3,0.08039184288078924
COL4A3_ITGA3,0.07935148002314539
LTA_LTBR,0.07925156332754325
EGF_LDLR,0.07862361845337347
PSEN1_LRP1,0.07802760207636278
CALM3_FZD6,0.0779340657569858
HLA-G_LILRB1,0.07765032879470074
HSP90B1_CD36,0.07753439573955538
SEMA4D_ERBB2,0.0766959616834419
CCL28_IFNAR2,0.07551585703370652
CALM3_LRP6,0.07535060261320707
PSAP_ITGAX,0.07495096660100929
APP_NOTCH2,0.07403793467309185
LAMA4_ITGA3,0.07298149267981507
CLEC2B_IFNAR2,0.07231524363007245
ACTR2_LRP8,0.07114000333990345
ADM2_RAMP1,0.07064240949181926
EGF_LRP1,0.06812927582350436
FARP2_PLXNA1,0.06749453851060416
TNF_PTPRS,0.06747198808512918
LAMA4_ITGA2,0.06732454038064453
COL4A4_ITGB8,0.06656692318638135
HSP90B1_ITGAX,0.06653736421914978
COL4A3_ITGA2,0.0661666793907755
CKLF_LRP6,0.0654413851959233
APP_LDLR,0.06541846932452662
HSP90B1_ITGA4,0.06490565337948763
CALM3_FZD2,0.06337541066909003
ULBP1_IFNAR2,0.06319825584054764
COL4A3_DDR2,0.0631097260181728
FGB_ITGB5,0.061805152347255504
ICAM4_SDC2,0.06161601516871718
HMGB1_CXCR4,0.0604481016722726
ICAM4_CD36,0.05956353345602582
PSAP_SORL1,0.0592101658063112
TNF_LDLR,0.058787157680482864
COL4A4_DDR1,0.058268665320286024
P4HB_TLR6,0.058081475772617255
HSP90B1_LRP8,0.05790599811450551
COL4A4_ITGB3,0.05718323461361055
APP_LRP1,0.056447529325059934
ARPC5_LRP8,0.056446709971455206
TNF_TNFRSF1A,0.056131560196237905
SEMA4B_DCBLD2,0.05583592576858297
LGALS1_ITGB3,0.05509540010157936
CD59_IFNAR2,0.05483503402065623
CALM3_PTK7,0.05448582419298084
LTA_TNFRSF1A,0.05441534043539757
ITGB3BP_ITGB3,0.05425043152252692
EGF_RHBDL2,0.05279762134395464
HSP90B1_SORL1,0.05220174859752839
BMP3_ACVR2B,0.052007754399987983
CNTN4_PTPRG,0.05145061831264685
CD86_IFNAR2,0.05089338498969369
RTN4_TNFRSF19,0.05080030467408608
TNFSF10_RIPK1,0.05074318864401717
FGF2_SDC3,0.05010839308757154
APP_TNFRSF21,0.04857802709044101
COL4A4_ITGA2,0.04841184734512237
LGALS9_ITGAX,0.04743516363641965
SYK_LAT,0.04681563055790529
HSP90B1_C5AR1,0.04607632780598382
ICAM4_ITGA4,0.04553945364270163
COL4A4_DDR2,0.04517869660133759
VCL_ITGB5,0.04511582833856175
TNF_TNFRSF21,0.04483773570146203
S100A4_ERBB2,0.04478548372207428
INHBE_ACVR2B,0.044519368255546005
ICAM3_SORL1,0.04450396952688899
TNFSF9_TNFRSF9,0.04400231845203072
CALM3_RYK,0.04258918882379141
IL24_IL10RB,0.04238842955637404
APP_LRP6,0.04038435914732576
EGF_ERBB2,0.04036956214637631
TCTN1_TMEM67,0.03838019579395059
CALM3_MYLK,0.03828374915728678
HSP90B1_TNFRSF11B,0.038186135866601356
ITGB3BP_ITGB5,0.037996115170352576
CDH1_KLRG1,0.037440267082825406
BMP3_BMPR1A,0.03741633376443312
DSC1_DSG3,0.037260799661934275
LGALS9_SORL1,0.037120435564777156
TNF_FFAR2,0.03651054071595298
FGB_CD36,0.03620946555564376
HMGB1_SDC1,0.035667572156893444
CCL28_CCR10,0.03550155237150586
SEMA4A_PLXNB2,0.03538482107591032
CALM3_GPR37,0.035169576644695597
CALM3_GP6,0.0349868570131778
PSAP_LRP4,0.03496903618514409
HLA-G_CD4,0.03453952380455998
FGF2_ITGB3,0.03330621544896705
CALM3_ITGAX,0.032287445065222777
IL18_IL18BP,0.032156178214987695
TFPI_LDLR,0.031563745285284134
P4HB_LRP8,0.031162731999263553
CALM2_SELL,0.031119208197707336
GNAI2_ADCY9,0.030652147870302928
CALM3_ITGA4,0.030569663902608898
TFPI_ITGB8,0.0294573428952583
TFPI_LRP1,0.02733179736251656
HMGB1_EGFR,0.027129894101134245
GNAI2_CXCR2,0.025579432491047802
CALM3_SORL1,0.024990108670441196
TNF_RIPK1,0.024942286651157962
NUCB2_ERAP1,0.0248657555662542
TNF_TNFRSF1B,0.024834946084132507
CALM3_AQP1,0.024819247793710742
HMGB1_TLR4,0.024678101686048493
ACTR2_SDC1,0.02454513444889728
LTA_TNFRSF1B,0.024314968121875506
LTA_RIPK1,0.024305089720185177
HMGB1_AGER,0.02423533922111195
GNAI2_C5AR1,0.024186853983509855
FGF2_ITGB5,0.0239462946075761
GSTO1_LRP8,0.023573839716141187
IRAK4_TLR4,0.023133554510528103
WNT16_FZD6,0.023030148973260417
P4HB_TRPM3,0.022795437964765762
LTBP3_ITGB5,0.02270142505463641
LAMB1_CD46,0.02193860754071737
CALM2_EGFR,0.021901946604158992
HSP90B1_ITGB7,0.02188374425728301
LAMB1_CD47,0.021769292909091537
FGF2_FGFR2,0.021080630280158354
HSP90B1_SDC1,0.020045876416991473
IFNG_IFNGR2,0.019966818246078575
GNAI2_HFE,0.01990919272290851
HMGB1_ITGB2,0.019904331820358397
CALM3_TRPM3,0.019771336705913595
FBLN2_ITGB3,0.019736355565572995
ARPC5_SDC1,0.019687967133935877
TFPI_F3,0.019199561212098863
LGALS9_MRC2,0.019091034338258654
IL10_IL10RA,0.01889451603607573
PSEN1_SORL1,0.018552942188909714
CDH1_ITGB7,0.0184999856106923
VASP_CXCR2,0.018157293795730323
VEGFB_FLT1,0.01789189807226216
FGF2_SSTR2,0.017868617361269358
MDK_SDC3,0.01767742844975531
LAMA2_RPSA,0.01764234996218877
SERPINE2_LRP1,0.017627559283199996
MDK_CD151,0.017453728314160016
CALM3_TNFRSF11B,0.017418490733547565
TNFSF10_TNFRSF11B,0.017165535900702113
CEACAM1_CD209,0.016999251329588235
CALM2_CACNA1C,0.016788982709796126
CCL3_IFNAR1,0.016568375210242896
GNAI2_ADCY7,0.01637971776789538
SPP1_SDC3,0.016311453869816712
LAMB1_ITGB8,0.016220418467725206
EGF_SORL1,0.01615133473670343
SLIT3_ROBO1,0.015863535496947134
A2M_LRP1,0.015464108938623709
TNFSF4_IFNAR2,0.015459300337435122
HSP90B1_EGFR,0.015259765398325931
LGALS1_PTPRC,0.014610324057759925
SEMA6D_PLXNA1,0.014521678370997852
B2M_CD247,0.014319141536284812
COL1A1_CD47,0.014266519332048701
LAMA2_CD46,0.014264237684914112
LAMA2_CD47,0.01415350347853478
ICAM4_SDC1,0.014132833889288533
FGF2_SDC2,0.013938984769131867
HSP90B1_TLR4,0.013884156530667881
LAMB1_DDR1,0.013878879929594287
ACTR2_ITGB2,0.013681791971045633
APP_SORL1,0.01343069569774763
CDH1_EGFR,0.01333499740615988
LAMB1_ITGA3,0.013302990292820368
COL1A1_CD151,0.01314934479077377
HLA-C_TFR2,0.013073464260108424
PLTP_PLXNA1,0.013055358253174927
MDK_ITGB8,0.013053823286773666
GSTP1_EGFR,0.013041983859882415
GSTO1_DCHS1,0.012470105742002392
CALM2_KCNQ3,0.012324131375453653
FARP2_PLXNA3,0.012311446985117979
GDNF_GFRA3,0.012232957902808785
RLN2_IFNAR1,0.01222858458272761
S100A8_IFNAR1,0.012134577952133867
GRN_EGFR,0.01210166022389214
LAMB1_ITGA2,0.012097733439055926
CCL3_IFNAR2,0.011941307123936555
TNF_FAS,0.011936721638858026
HSP90B1_ERBB4,0.011761817926204728
MDK_LRP1,0.011700905074446665
TGFB3_ITGB3,0.011675273321982656
MDK_ITGB3,0.011673164970056039
MDK_ITGA3,0.01157876307698303
IFNG_IFNGR1,0.011545036294480792
EREG_EGFR,0.011452603930958587
INSL3_IFNAR1,0.011266361975718576
LAMB1_ITGA7,0.011212104872051189
HSP90B1_ITGB2,0.011182991498813827
ARPC5_ITGB2,0.011003418784078064
LAMB1_DDR2,0.0108586767623473
SPP1_ITGB3,0.010793961933050258
APP_TRPM3,0.010700994183479612
CD86_CD28,0.010674787977149231
TIMP1_FGFR2,0.010673723101095352
S100A8_LDLR,0.010605351137378564
COL1A1_ITGB8,0.010594666895167706
APOE_LDLR,0.010310413362417144
FGF2_F2RL1,0.01024286972409805
ICAM4_TLR4,0.010215651719004739
APOE_ITGB8,0.009820326280731807
PSAP_AR,0.009726137773911937
CALM3_SELL,0.009696127177920287
ICAM3_ITGB2,0.009608135594474841
COL5A1_SDC3,0.009528000362289285
EREG_ERBB4,0.009388161720268105
NID2_PTPRS,0.009210318338127537
GDF11_ACVR2B,0.00919105165145086
IL23A_IL12RB1,0.009162958362728948
S100A8_LRP1,0.009144399755837182
CALM2_PDE1A,0.009086430363307828
COL1A1_DDR1,0.009085623098541508
APOE_SCARB1,0.00904117868738743
GHRL_TBXA2R,0.009039538339465325
ADAM15_ITGB3,0.009032501487975679
LAMA2_DDR1,0.00902318520696106
ADM_IFNAR1,0.008931654680029644
APOE_LRP1,0.008900985031175753
COL1A1_ITGB3,0.008893509048630082
THBS2_CD47,0.008837379379472673
RLN2_IFNAR2,0.008833761942132026
COL18A1_SDC3,0.008816423663337063
COL1A1_ITGA3,0.008715489245106447
COL18A1_CD151,0.008673929563715092
CCL21_IFNAR1,0.008661877575820877
FADD_FAS,0.008655926915669302
LAMA2_ITGA3,0.008648981648956371
HSP90B1_RYR1,0.008568700220110508
MICA_KLRK1,0.008548009656070105
PLTP_ITGA7,0.008535902672059503
F8_LDLR,0.008464518353126475
PLG_SDC3,0.008374199543908558
NRG3_ERBB3,0.00837142851324011
FGB_SDC1,0.008364883965624266
MDK_LRP6,0.00833745528072626
TNFSF15_TNFRSF25,0.008333410908163938
LAMA1_RPSA,0.008268729248224022
TGFB3_ITGB5,0.008204606250267555
TGFA_ERBB3,0.008203166659007288
MDK_ITGB5,0.008128299732195275
SPP1_LRP6,0.00806946391719919
APOC4_LRP8,0.007949444382736126
GNAI2_CNR1,0.007926738532886375
INSL3_IFNAR2,0.007891648850210434
MFGE8_ITGB3,0.00788801175877727
COL1A1_ITGA2,0.007882651456447669
PSAP_SCARA5,0.007879722902197985
LAMA2_ITGA2,0.007864095341043263
GNAI2_EGFR,0.00784964801399658
NCAM1_ROBO1,0.007796316771492565
ICAM4_ITGB2,0.0077778455030904255
SERPINA1_LRP1,0.007772041957805182
LAMC2_ITGA11,0.007732197306858759
BGN_LY96,0.007703314937327519
SPP1_ITGB5,0.007595203843929206
HMGB1_TLR9,0.007594451941863225
AGRN_ITGB8,0.007404775232544054
FGF2_GPC4,0.007397540559907942
TFPI_LRP8,0.007388916148524863
PROS1_AXL,0.007357946382563606
TGFB3_TGFBR2,0.007344367118211899
HMGB1_CD163,0.007331659819217839
LAMA3_ITGB8,0.0073220275644411146
CALM3_EGFR,0.007308626550847012
F8_LRP1,0.007306331606976419
LAMA2_ITGA7,0.007289424629132447
NRG1_ERBB3,0.007241595499433603
COL1A2_SDC3,0.0072211675162912985
ICAM3_RYR1,0.0072171676029476875
PDAP1_PDGFRB,0.007158610830186164
CALM2_PDE1C,0.00714025671480808
C4B_CD46,0.007117612409977094
COL1A1_DDR2,0.007102115523030814
COL1A2_CD151,0.00709085619112303
LAMA2_DDR2,0.0070594473546246456
PLG_LDLR,0.0070474863079412605
ADAM12_ITGB3,0.0069849017340775435
CALM3_GAS1,0.006877530986120642
GDF11_BMPR1A,0.006863767145531178
AGRN_LRP1,0.006860071278430468
COL18A1_ITGB8,0.006810407081617233
COL4A2_ITGB3,0.0067599926315003766
CALM3_TLR4,0.0066797082326771106
LAMA1_CD46,0.006638133528220616
PLTP_PTPRB,0.0066161425701786805
PLG_F2R,0.0066012259363711365
LAMA1_CD47,0.006578060918003469
THBS2_ITGB8,0.006545379235030214
TFPI_SORL1,0.006483382930221489
ADM_IFNAR2,0.0064618956995960465
DLL3_NOTCH2,0.0064325098245592216
APOE_LRP6,0.006381380142060833
COL1A1_ITGB5,0.006367855277331811
CALM3_PDGFRA,0.006363103917901664
KNG1_SDC2,0.006355156053383346
S100A8_F3,0.00630807844278191
ADAM15_ITGB5,0.006302075659849558
CLEC2D_KLRB1,0.006290640821780925
ACTR2_ITGAM,0.006276805084620737
CXCL13_IFNAR1,0.006220479563947313
S100A1_LRP1,0.0062179270484495775
CCL21_IFNAR2,0.006197756674047888
ULBP1_KLRK1,0.006147729404992979
FGB_TLR4,0.006129639250526673
PLG_LRP1,0.006101232603210403
APOE_ITGB5,0.006049391696262197
LAMA3_ITGA3,0.0060168064285274275
NID1_ITGB8,0.00601291845245404
COL1A1_ITGA10,0.005961573273609977
MMP9_SDC3,0.005952394928049614
LIN7C_HTR2C,0.005939623739626204
CALM3_CACNA1C,0.005929559629965252
CCL18_IFNAR1,0.005929209617822163
COL18A1_ITGB3,0.005843319005777083
CKLF_TLR4,0.005825976277869359
COL18A1_ITGA3,0.00575096837928561
C3_CD46,0.00574435169888015
F8_ITGA2,0.005730869176555271
COL1A2_ITGB8,0.005710033335314647
F13A1_SDC3,0.005652496146080493
LPL_LRP1,0.005652115211197232
NID2_ITGA2,0.005590564125794298
HLA-C_FCRL4,0.005574365736036592
ADM2_CALCRL,0.005553909600032445
GSTO1_STAB2,0.0055363826593334605
THBS2_ITGB3,0.005505536201714458
AGRN_ITGA2,0.005483270342529192
HSP90B1_ITGA2B,0.005476624491737223
LAMA3_ITGA2,0.005452478837077062
NMB_IFNAR2,0.005426560361517132
THBS2_ITGA3,0.005397499768506439
VWF_CD46,0.005364575172004358
MMP9_IFNAR1,0.005337197183732086
COL3A1_CD47,0.005303112725143368
IL26_IFNAR2,0.005286415904409704
CXCL11_IFNAR1,0.005262076813168643
C1QB_C1QBP,0.005249357135872029
NID1_ITGB3,0.005181488827745596
SPP1_SSTR2,0.005172938711003611
IL15_IL15RA,0.0051635264711632585
CXCL12_IFNAR1,0.0051599232773467
HSP90B1_ITGAM,0.005113227629441784
NID1_ITGA3,0.005103866935069177
COL6A3_DDR1,0.005015221743131112
S100A4_EGFR,0.005006092545272702
ARPC5_ITGAM,0.004993365583530044
GNAI2_LPAR3,0.004952512652157206
IAPP_ADRB3,0.004911039768973157
DLL3_LRP1,0.004905701827494617
LAMA1_ITGB8,0.004886984186458686
WNT2_FZD3,0.004868040269631994
THBS2_ITGA2,0.0048603826635039435
C1QA_CSPG4,0.004850940628113188
COL4A2_ITGB5,0.004849134709514555
IAPP_ADCYAP1R1,0.004837801006637269
HMGB1_FCRL4,0.004819267020594705
MDK_SDC2,0.004816186189608521
IL26_IL10RB,0.0047997973150243735
COL1A2_ITGB3,0.004795456244778548
GDF11_ACVR1B,0.004781608405035613
FGA_SDC3,0.00478110111947025
NDP_FZD4,0.004743364560516146
EGF_EGFR,0.004728391382890018
NRG1_LDLR,0.004717745469975832
SERPINE2_LRP8,0.004706226876835879
COL1A2_ITGA3,0.0046999079437418404
MMP9_LDLR,0.004699553920508808
FGF7_FGFR2,0.004698606118513977
TIMP2_SDC3,0.004638768934195984
FGB_ITGB2,0.004582769170285911
HBEGF_CD9,0.0045675423780311844
FGF2_ITGA9,0.004542548387736161
GNAI2_AR,0.004538125199959422
CCL17_IFNAR1,0.004511864681599303
MMP9_ITGB8,0.004479784852807088
TF_LDLR,0.004475602880175697
SPP1_SDC2,0.004474130414178226
EDN1_EDNRB,0.004444555186674969
C3_LDLR,0.004432283583028714
LIPH_C1QBP,0.004418870192244975
GNAI2_ADORA1,0.004408484435397433
CCL18_IFNAR2,0.004378359851271976
CXCL13_IFNAR2,0.004378155526921894
ASIP_F11R,0.004377804618087481
NID1_ITGA2,0.0043591519167408355
IL23A_IL12RB2,0.0043515651458812055
CD160_IFNAR1,0.004341608076507808
VWF_LDLR,0.004318450027425913
IL15_IL2RG,0.004314837961744434
THBS1_CD47,0.0042989094295019835
PLG_F3,0.00428188086504709
COL6A3_ITGA2,0.004281048440155025
HSP90B1_TLR9,0.004272371033605783
NCAM1_FGFR2,0.0042628832113883715
COL1A2_ITGA2,0.0042464443450402735
COL4A3_ITGA11,0.004234842803761255
CALM3_AR,0.004220107616606063
HSPA1A_TLR4,0.0041927931672491175
NCAN_SDC3,0.004189831344131359
AREG_EGFR,0.004167206113032353
A2M_LRP8,0.004162669329007667
MDK_CD36,0.004151152118590059
COL18A1_ITGB5,0.004143262627626291
PSEN1_NOTCH3,0.004136501870453859
C1QA_PTPRS,0.004124798665436351
CALM3_KCNQ3,0.0041233171196572655
ICAM4_ITGA2B,0.00411685164410593
SLIT2_ROBO1,0.004112801058189836
IAPP_FCRL4,0.004093517802262589
LAMB1_LRP8,0.004084923323089289
MMP9_LRP1,0.004056633274824172
C1QA_NOTCH2,0.004054049984610288
THBS1_SDC3,0.004041159211814094
LAMA1_ITGA3,0.004018716340687584
VWF_ITGB8,0.004010814933484272
JAG2_NOTCH2,0.0040006968971703005
PLG_ITGB5,0.003970676795340879
THBS1_CD151,0.003965722945798241
THBS2_ITGB5,0.003938451433404282
MMP9_ITGB3,0.0039366493379095
VWF_SIRPA,0.003911373746180232
COL6A3_DDR2,0.003908245353066789
EGF_ERBB4,0.0038901803273871977
PROS1_TYRO3,0.003888393600408373
ALB_LRP1,0.003877615346303653
TF_LRP1,0.003871804522971496
PLG_FLT1,0.003858460395884956
CALM2_TRPC5,0.003854663923639086
C3_LRP1,0.0038360527282448324
CALM2_FCRL4,0.0038249669932090614
HBEGF_CD82,0.0038044236981432476
FGA_LDLR,0.0037675165803999727
HP_LDLR,0.0037608645979861654
ICAM4_ITGAM,0.0037562732489438287
S100A8_SDC2,0.0037477944817183016
F13A1_ITGB3,0.0037436209142667717
VWF_LRP1,0.003742104899425986
CXCL11_IFNAR2,0.0037251694723136994
COL1A1_CD36,0.0037114967074766123
LTF_LDLR,0.0036827453795140273
IL1RN_IFNAR2,0.0036787837192508626
NID1_ITGB5,0.0036669404384371026
LAMA1_ITGA2,0.0036370818107626423
PTPN6_FCRL4,0.00363038152309356
CXCL12_IFNAR2,0.0036251508458722726
PYY_IFNAR2,0.0036128355518338286
LAMB3_CD47,0.0035925720855100292
APOE_SDC2,0.0035678304233973295
MDK_ITGAX,0.003557429848136849
TIMP2_ITGB8,0.003521637332072207
C3_ITGB3,0.0035174714233678238
APP_AGER,0.003473189965676778
WNT3_LRP6,0.0034680450245518626
GSTO1_RYR1,0.0034601597725760535
FGF12_FGFR2,0.003459830837451866
MDK_ITGA4,0.0034575827645544873
COL1A2_ITGB5,0.003432873477729925
CD14_SORT1,0.0034223554697098667
COL3A1_DDR1,0.003392810327968987
ADAM2_CD9,0.003387287580685993
LAMA1_ITGA7,0.0033848780255780783
C1QB_LRP1,0.003366442272923813
VWF_ITGB3,0.0033389386580324238
ACTR2_FCRL4,0.0033368193906610786
LAMB3_CD151,0.00329983526482269
CD14_SDC3,0.0032823236244897405
CCL17_IFNAR2,0.0032760230557930497
VWF_ITGA3,0.0032666782599933926
SPP1_ITGA4,0.0032585334029890996
S100A8_CD36,0.0032547459596874327
FGF2_SDC1,0.00325035342477004
HP_LRP1,0.0032463147027812136
F7_F3,0.0032327896856800945
COL4A3_CD93,0.0032326086002081385
THBS1_ITGB8,0.003219838060177645
PSAP_CFTR,0.0032153729504936428
VEGFC_SDC3,0.0032102662569776803
SAA1_SCARB1,0.0032085391479096657
IL18_IL18R1,0.0031979423649198284
ASIP_MC1R,0.0031963700787624827
IAPP_GPR84,0.003189560415569605
LTF_LRP1,0.003181842228688505
FGA_ITGB3,0.0031616679182112396
C1QA_LRP1,0.00315360646207522
CCL3L3_IFNAR1,0.0031374472582779626
TNFSF10_TNFRSF10D,0.0031341628929645827
JAG2_LRP1,0.0031269944836789
VIM_FCRL4,0.003122404879582347
CD160_IFNAR2,0.003109324647883668
COL1A1_ITGAX,0.003089481210149828
GC_LRP1,0.0030886161977625366
COL4A4_ITGA11,0.0030884252090579195
WNT3A_RPSA,0.003073205711299995
TIMP2_ITGB3,0.0030700564845911283
ADM_RAMP1,0.003051669913215057
PSAP_FCRL4,0.0030502830352939995
TIMP2_ITGA3,0.0030307723639825235
TNFSF13B_CD40,0.0030124183845966625
VWF_ITGA2,0.0030079525807813414
COL3A1_ITGA2,0.0030015763351722534
THBS1_LRP1,0.003001186213241645
HLA-C_LILRA1,0.002992390719113962
GNAI2_TFR2,0.002967260018086657
EFNB2_RHBDL2,0.002954908219441227
HLA-A_LILRA1,0.0029405782023759347
LAMA1_ITGB5,0.0029367983432158924
CALM2_SCN4A,0.0029285058265118864
FGF2_KDR,0.0029279217598568953
NRG3_ERBB2,0.002927119647344939
HLA-A_KIR3DL2,0.002924969779518678
CALM3_PDE1A,0.0029110791165444082
ADM2_ADRB3,0.0029002885240783497
TGFA_ERBB2,0.0028965547869042913
ADM2_ADCYAP1R1,0.002883491366200282
HSP90B1_CFTR,0.0028764130680549887
COL11A1_DDR1,0.0028446356121998744
THBS1_SCARB1,0.002792471853131731
MDK_SORL1,0.0027863321696671626
LGALS1_ITGB2,0.002786328867786554
WNT2_LRP6,0.002772877242770808
CALM3_TFR2,0.00276673379369068
MMP9_ITGB5,0.002762088296807946
CXCL12_F3,0.0027564361786861645
HSP90B1_FCRL4,0.002713253813778424
CD14_LDLR,0.0027010825412473144
THBS1_ITGB3,0.0026854078311103627
COL3A1_DDR2,0.002662111456746053
LAMA2_LRP8,0.002655411574286089
F13A1_ITGB5,0.002645047460242065
HSP90B1_SELP,0.002642137626416541
ARPC5_FCRL4,0.0026386505196209892
THBS1_ITGA3,0.002628261568439723
FGF2_EGFR,0.0025939894691277073
LAMA3_SDC2,0.0025656968011473365
IL7_IL7R,0.0025631007635080767
EFNB2_PECAM1,0.002554757745895462
VEGFC_CCBE1,0.002544409073999947
CD14_ITGB8,0.002541865600981718
PSPN_SDC3,0.0025334651622543566
ASIP_ATRN,0.002520850775543217
WNT3A_ATP6AP2,0.0025022432444426236
C1QA_ITGA2,0.0024950919662836807
PTMA_VIPR1,0.00249177647307357
NRG1_ERBB2,0.002487477353313942
FGB_ITGA2B,0.002486514136033514
PTPN6_CD300LF,0.0024855637852485447
WNT2B_FZD4,0.0024606331300721955
IL7_IL2RG,0.0024439088212564264
COL11A1_ITGA2,0.002440011298957239
HSPA1A_GRIN2D,0.002429859574834769
ADM2_FCRL4,0.002417132933455447
THBS1_ITGA2,0.002410524565869392
CXCL12_FZD4,0.002402554303606311
VWF_ITGB5,0.0023996724583682395
TFPI_SDC1,0.0023940082336378066
WNT2_FZD2,0.002378218044411524
APOE_LRP8,0.002371103256818114
WNT2_FZD4,0.0023674199835207175
CALM3_PDE1C,0.002365727751186478
COL4A4_CD93,0.002362230522673379
C5_C5AR1,0.0023575088662832248
FGG_SDC3,0.0023573421873654696
HPX_LRP1,0.002351360443999774
DEFB103A_IFNAR1,0.0023370403812341973
CALM2_GRM7,0.0023199100924738924
COL18A1_CD36,0.0023112452592274524
ICAM3_FCRL4,0.002297312072061847
THBS2_CD36,0.0022863967063318992
GSTP1_FCRL4,0.0022831011966702877
GNAI2_CHRM1,0.0022806383439426914
CCL19_IFNAR1,0.0022735407470600233
APP_AR,0.0022549259854521978
FGB_ITGAM,0.0022527483612161357
CCL2_IFNAR1,0.002249218374904095
WNT3A_APLP2,0.002247210965097717
COL3A1_ITGA10,0.0022311966997970215
ADAM2_ITGB3,0.002229067939846327
COL11A1_DDR2,0.0022187919403229336
THBS1_ITGA7,0.002217724433864325
FGA_ITGB5,0.002217157994195802
CCL3L3_IFNAR2,0.002215716630016065
IFNA8_IFNAR1,0.0022105794264097676
BMP4_LRP6,0.0022058865998498666
LAMB3_ITGA3,0.0021879864183538215
S100A8_SORL1,0.0021771042561022054
CD14_ITGB3,0.0021759031824232495
CCL8_IFNAR1,0.002171291083823096
TIMP2_ITGB5,0.0021616103259946523
VEGFC_ITGB3,0.002129523800781981
GRN_FCRL4,0.0021251568906624023
APOE_SORL1,0.0021169208637864625
IAPP_CALCR,0.0020937236031237172
SFTPA2_NOTCH2,0.002092115888413975
SERPINA1_LRP8,0.002089583783735724
CXCL13_CCR10,0.0020728988744624856
ICAM4_FCRL4,0.002051475769532234
WNT1_FZD3,0.00204791179885632
MDK_TNFRSF11B,0.0020264949394062145
CCL23_IFNAR1,0.002020148881160131
LEP_ITGAM,0.002009014506215638
F12_PTPRS,0.002006043185166818
COL1A2_CD36,0.0019989869607955034
IL1B_SIGIRR,0.0019964502011627413
IL19_IFNAR2,0.0019955246440276687
JAM3_ITGB2,0.0019718752989614135
LAMC2_COL17A1,0.001970303539557637
COL1A1_GPC4,0.0019616243097236993
WNT3A_FZD3,0.0019603203555742968
F12_NOTCH2,0.0019594341402138747
WNT3_RYK,0.0019576036443528953
F8_LRP8,0.0019448842514118425
COL18A1_ITGAX,0.0019419244720938372
LGALS9_FCRL4,0.001935714665303244
THBS1_ITGB5,0.0019283824969643828
HBEGF_ERBB2,0.0019129177581039929
APOC3_LDLR,0.001911441082867136
THBS2_ITGAX,0.0019048027208126343
DLL4_NOTCH2,0.0018732812947197222
LAMB3_ITGA2,0.0018683795189598596
COL11A1_ITGA10,0.0018641132809724633
AGRN_LRP8,0.0018528240896626982
APOC3_ITGB8,0.0018308235442782545
GNAI2_S1PR1,0.001789493189905372
WNT3A_LDLR,0.001788590904168254
F12_LDLR,0.0017834167859658078
FGG_ITGB8,0.0017799877188651536
ADM2_GPR84,0.0017663242453645643
PODXL_SELL,0.0017406872359030704
F8_SORL1,0.0017378877508248615
DEFB103A_IFNAR2,0.0017174244893016525
CALM3_PTGER2,0.0017153095205061201
DKK2_LRP6,0.001713448202851175
LAMA1_SDC2,0.0017132574199810364
FASLG_TNFRSF10B,0.0017127778153477402
THBS2_ITGA4,0.0017120438704028044
IAPP_VIPR1,0.0017115354307669136
RSPO1_ZNRF3,0.001710631851010344
EFNA1_EPHA10,0.0017040263027504928
RSPO1_LRP6,0.001692045819992423
CEACAM1_EGFR,0.0016886755307350505
CD14_LRP6,0.0016873846131572046
PSAP_ASGR1,0.0016853121353539791
IGFL3_IGFLR1,0.0016814385501121522
SLIT3_ROBO2,0.0016792005444367956
HRAS_SDC2,0.0016781109686504758
APOE_TRPM3,0.0016759056021063276
GNAI2_FPR1,0.0016727404043585285
S100A1_LRP8,0.0016717275701683529
COL1A2_ITGAX,0.0016642969345259263
CCL19_IFNAR2,0.0016552519356202587
NODAL_ACVR2B,0.0016536762280645286
PLG_F2RL1,0.0016535085913515365
S100A8_CD40,0.0016504397375482849
APOC3_LRP1,0.0016487491718679308
NTN1_NEO1,0.0016440606636094405
CD14_F3,0.0016324842546110371
CCL2_IFNAR2,0.0016314378773474888
MMP9_SDC2,0.0016296748538661482
MST1_MST1R,0.0016263778555913465
APOC3_ITGB3,0.0016242507310838391
FASLG_TNFRSF1A,0.001624239297029646
SFTPA2_LRP1,0.0016092699092404785
APOC3_ITGA3,0.0016087519447919836
ICAM3_ITGAD,0.0016086477948342366
GNAI2_LHCGR,0.001602520732914684
CGN_F11R,0.0015987517078952208
IFNA8_IFNAR2,0.0015936064452345574
ADAM2_ITGB5,0.0015766572692773038
FGG_ITGB3,0.0015594595482854787
CCL8_IFNAR2,0.0015551391907331726
LIPC_LRP1,0.001553209165022413
WNT3A_LRP1,0.0015473598451650125
CD14_ITGB5,0.0015444213551710163
F12_LRP1,0.001543089600169169
BMP1_BMPR1A,0.0015230189783690031
VEGFC_ITGB5,0.0015162996851896594
ANGPTL3_ITGB3,0.001512612147019535
DLL4_LRP1,0.0015001174354251751
WNT3A_SCARB1,0.0014945661423457544
HSP90B1_ASGR1,0.0014804316440993218
S100A1_SORL1,0.0014764032710793305
MMP9_CD36,0.0014654626739777623
CALM2_SCN10A,0.0014578541890663155
VEGFC_FLT1,0.0014548529080233997
CXCL1_IFNAR2,0.001450784841228381
C4B_CR1,0.001444751721616056
GNAI2_FCRL4,0.001421194066722098
TFF1_C1QBP,0.0014204658084694304
CALM3_CFTR,0.0014165014943523626
NPFF_NPFFR2,0.0014125655782756543
PYY_FAP,0.0014096720199208129
IL1RN_IL1R1,0.0014082504977421504
CCL23_IFNAR2,0.0014071557128628475
IFNE_C1QBP,0.0014041970482952615
IFNL3_IL10RB,0.0013989978862830748
HSP90B1_ITGB6,0.001394630127544354
IFNE_SORT1,0.0013857207098130324
COMP_ITGB3,0.0013821419072998914
GDF6_BMPR1A,0.0013763262729039152
APOC1_LRP8,0.0013659408567661025
SPP1_ITGA9,0.001355017891600733
IFNE_SDC3,0.0013442258429259325
CALM3_TRPC5,0.0013272180158525216
CALM3_FCRL4,0.0013216835609030136
TNFSF10_FCRL4,0.0013169850675429976
TFPI_ITGB2,0.0013131836754693132
FGF20_FGFR2,0.00130920377414913
FAT4_DCHS1,0.0013053041057459686
S100A10_CFTR,0.0013047163940543567
TNF_ICOS,0.0012996273520127274
MMP7_SDC3,0.0012896480523669287
APOC3_ITGA2,0.0012874637843062837
CXCL12_AVPR1A,0.0012822714153951538
PTPN11_FCRL4,0.0012760165482312094
B2M_KIR3DL1,0.0012747278122928916
MMP7_CD151,0.0012739773355493
COL18A1_GPC4,0.0012677474855882502
CHAD_ITGA2,0.0012664142457430507
WNT3A_TNFRSF21,0.001261167788409654
APOE_LRP4,0.001259103942938926
CD200_CD200R1,0.0012564270022460307
IL18_IL18RAP,0.0012476867441838949
IL22_IL10RB,0.0012429462618997532
FGB_FCRL4,0.0012412327574824013
LAMA1_LRP8,0.0012283629177641778
CXCL12_LILRB1,0.0012203226334090201
ADM2_CALCR,0.0012193377234899032
SFTPA2_DDR2,0.001214143042619166
C3_CR1,0.0012010757732163662
C3_ITGAX,0.0011989101609572142
CD14_TLR6,0.0011935871355424814
HLA-C_KIR3DL1,0.0011935618500666036
WNT1_LRP6,0.0011857852551666482
HLA-A_KIR3DL1,0.0011730751995846626
CCL25_IFNAR1,0.0011666147316355883
MDK_ITGB7,0.0011665639443301078
TIMP2_CD36,0.0011665392606707748
NRG2_ERBB3,0.001166530394534974
DKK1_LRP6,0.0011651926633762996
IFNA21_IFNAR1,0.0011618297225341242
IFNE_IFNAR1,0.0011604839387243375
TFPI_RYR1,0.0011539923249413507
EFNA2_EPHA10,0.001150541106196615
SERPINE2_STAB2,0.0011444898261179733
S100A1_TRPM3,0.0011404078515184536
F13A1_ITGA4,0.0011385490620414707
THBS1_CD36,0.001138243082483895
TAC1_IFNAR1,0.0011378875877085819
VIP_IFNAR1,0.0011365161699214653
COL4A6_CD47,0.001135653214930953
IFNA10_IFNAR1,0.0011350336715659217
APOC3_ITGB5,0.0011349043186097284
IL36A_IFNAR1,0.0011302785687713397
CD14_RIPK1,0.0011251069804682524
BMP4_BMPR1A,0.0011245670529089326
NDP_LGR4,0.001122699791204238
CNTN2_CNTN1,0.001121492876415411
WNT3_FZD5,0.0011192903806878725
WNT3A_LRP6,0.001119123872138032
COL9A3_SDC1,0.0011099808739151596
HSP90B1_MUSK,0.0011083537299129231
WNT3A_FZD6,0.0011065961952070808
SPP1_ITGB7,0.001106077899992187
LEP_FCRL4,0.0011059487698424665
CCL26_IFNAR1,0.0010978772214271363
ADAM15_ITGA9,0.0010958747189000742
FGG_ITGB5,0.001095618838815061
CD14_SSTR2,0.0010926394705351975
C4BPA_PTPRS,0.001088308843988925
MMP9_LRP8,0.0010799879300416174
HSP90B1_ITGA8,0.0010684399167075758
MDK_SDC1,0.0010681367489573023
NODAL_SMAD3,0.0010672845418338015
COL4A3_COL17A1,0.001059070196633274
COL1A2_GPC4,0.0010573461175026903
CALCA_IFNAR1,0.0010531843819535434
NGF_SORT1,0.0010499735126486926
SHANK1_CD47,0.001037043575821561
IL27_IL27RA,0.0010355466529509008
SHANK1_CD46,0.001035416959186006
C3_LRP8,0.0010344838161918078
COL2A1_CD47,0.0010341403716567512
PGF_FLT1,0.001033674120016184
F8_LRP4,0.001033234756997924
CALM3_SCN4A,0.0010328459178491683
A2M_STAB2,0.0010327420158444938
CKLF_CCR4,0.0010316440938227239
ICAM3_CLEC4M,0.0010286109548153964
SHANK1_CSPG4,0.001025313299864474
GH1_GHR,0.001024016387521826
CCL3_CCR1,0.001023792283806513
MMP2_PECAM1,0.0010232150311818428
VWF_LRP8,0.0010151030830999267
PTHLH_IFNAR1,0.0010104269077683109
IFNE_LDLR,0.0010030072709487545
ADCYAP1_IFNAR1,0.001000715902690069
FGA_ITGAX,0.0009973387495693588
GPC3_LDLR,0.0009954223885622802
ADM2_VIPR1,0.0009838543471359688
FAM3C_GLRA2,0.000983486888496143
PSEN1_FCRL4,0.0009834269857306656
AGRN_LRP4,0.0009756570587736706
EFNB2_EPHA3,0.0009673771444137979
C1QA_CR1,0.0009661453843844107
MMP9_SORL1,0.0009648899534270405
NLGN3_NRXN1,0.0009636411841199275
GRN_CLEC4M,0.0009606657231231266
IGFL1_IGFLR1,0.0009583486739062273
WNT3A_FZD2,0.0009560097979410729
C4BPA_LDLR,0.0009535288059387419
SHANK1_PTPRS,0.00094886138306369
EDIL3_ITGB5,0.0009470164627055791
THBS1_ITGAX,0.0009449985822017965
SFTPD_SIRPA,0.0009409670505851411
WNT7A_LDLR,0.000940841945751435
LPA_LPAR2,0.0009357806257262537
JAM3_ITGAM,0.0009328401761754094
ADAM12_ITGA9,0.0009268294181546276
APP_PTGER2,0.0009257560520720577
SEMA6D_KDR,0.0009256793785601462
APP_DCC,0.0009159920232160745
SHANK1_NOTCH2,0.0009147599204446913
C3_SORL1,0.0009103522273692997
CD14_SDC2,0.0009054076023454371
MBL2_LDLR,0.0009001507031547845
APOA4_LDLR,0.0008980792016626811
WNT2_FZD5,0.0008975268639073554
EGF_FCRL4,0.0008856926276879342
TPH1_HTR1D,0.0008823635736064355
RTN4_RTN4RL1,0.0008820773521710941
S100A4_FCRL4,0.0008784578419772657
CXCL9_FCGR2A,0.0008764887374383727
CRP_LDLR,0.0008741876913067514
NODAL_ACVR1B,0.000871973580024106
CGN_TGFBR2,0.0008697800943319872
APOA2_LDLR,0.0008685054033676415
SHANK1_PLXNA1,0.0008679317885178609
NGF_TRPV1,0.0008664287852355606
FGF14_FGFR2,0.0008662610906944485
CD14_CD36,0.0008655883987701834
MMP1_ITGB8,0.0008640073013684688
IFNE_LRP1,0.0008634007372860309
CLEC2A_IFNAR2,0.000862259464291667
FGF3_FGFR2,0.0008589787123349447
GPC3_LRP1,0.0008571408675289807
CCL25_IFNAR2,0.000856846607905759
SHANK1_LDLR,0.0008524503976423669
IFNA21_IFNAR2,0.0008521616008329507
MMP7_ITGB3,0.0008511595654036809
LTF_LRP8,0.0008508981157020492
IFNE_IFNAR2,0.0008508439425937237
LPA_LPAR1,0.0008435312797837443
THBS1_ITGA4,0.0008407717391447079
PPBP_IFNAR2,0.0008382362539174322
IL1B_IL1R1,0.0008316172685404024
TAC1_IFNAR2,0.0008287198333007894
VIP_IFNAR2,0.0008273770768093857
IFNA10_IFNAR2,0.000825925561225221
C4BPA_LRP1,0.0008225657274652056
IL36A_IFNAR2,0.0008212698354466172
MMP13_LRP1,0.0008139362889804104
RAET1L_IFNAR2,0.0008098292154964988
KNG1_ITGB2,0.0008059424941119539
CCL19_CCR10,0.0008030104368145754
APOE_SDC1,0.0008018177091153099
CALM3_GRM7,0.0007976561853874604
GNAI2_ADRA2B,0.0007972293213309035
CALM3_ENPEP,0.0007952329151867113
TNFSF13B_TNFRSF13B,0.0007942792663234514
CCL26_IFNAR2,0.0007895456446964525
CCL2_CCR10,0.0007893877792170313
SHANK1_ITGB8,0.0007883320128366784
COL2A1_ITGB8,0.0007870510099312036
BST2_LILRA4,0.0007851046866031692
GDF5_ACVR2B,0.0007832697636939247
CCL28_CCR3,0.0007821687495398266
SPP1_EGFR,0.0007815067598946433
MBL2_LRP1,0.0007785123124904504
COL4A4_COL17A1,0.0007774375918178028
APOA4_LRP1,0.0007768026841954575
NTN1_ADORA2B,0.000769358417738865
LAMB1_ITGA11,0.0007674198475575333
CRP_LRP1,0.0007570848117873032
APP_CFTR,0.0007545065543624954
CLEC2B_KLRF1,0.0007544487079552146
APOA2_LRP1,0.0007523951698642697
MMP1_ITGB3,0.000746609433907258
CALCA_IFNAR2,0.0007457868420280108
MDK_TLR4,0.000741533969764424
PLG_ITGA9,0.0007398086135361962
SHANK1_LRP1,0.000739144833251516
ULBP2_IFNAR2,0.0007326688222241451
ASIP_MC2R,0.0007302868979347174
CD14_ITGAX,0.000726535678549757
COL4A6_DDR1,0.0007200142750573584
SPP1_TLR4,0.0007148511899080513
APP_FCRL4,0.0007064151910542373
PTHLH_IFNAR2,0.0007039229573988402
NGF_KIDINS220,0.0007030018108347166
SFTPD_LY96,0.0006990530801528555
ADCYAP1_IFNAR2,0.0006944149028662546
CXCL12_HFE,0.0006900806840987361
CXCL12_CD40,0.0006838443000424431
WNT1_RYK,0.0006773081460836848
BGN_TLR4,0.0006762195776046294
KITLG_KIT,0.0006726508767929767
APOC3_SDC2,0.0006711634219483778
CD14_ITGA4,0.0006672206290447246
TF_HFE,0.0006656741657128655
SHANK1_DDR1,0.0006655353876794847
COL2A1_DDR1,0.0006639314538839839
LPA_SDC1,0.0006632365102420103
LGALS1_FCRL4,0.0006629263906574196
CP_SLC40A1,0.0006572614968228534
CXCL5_IFNAR2,0.0006571891752391634
MADCAM1_ITGA4,0.0006558520054576065
KNG1_CD93,0.0006523334662720502
HLA-G_KIR3DL1,0.0006506120861658965
TFPI_ITGAM,0.0006424461690050975
GDF5_ACVR1,0.000642041780165672
CCL28_GRM7,0.0006420287336314437
ANG_EGFR,0.0006394996250732424
SHANK1_ITGA3,0.0006348892314469059
HPX_LRP8,0.0006309489699696934
MDK_ERBB4,0.0006294872955347558
CD14_LRP8,0.0006277920333147362
TNF_FCRL4,0.0006256929405618696
MMP1_ITGA2,0.0006246036063864418
WNT3A_RYK,0.0006218352336831842
EFNB3_RHBDL2,0.00062071648388946
SPP1_ERBB4,0.0006177270092921187
APOA4_ITGA2,0.0006173375508921781
COL9A3_ITGB2,0.0006166881609860154
COL4A6_ITGA2,0.0006126345808853931
IFNE_ITGB5,0.0006124201064588479
IFNE_LRP6,0.0006115323303216895
CAMP_EGFR,0.0006050226848753872
ANGPTL1_TEK,0.0006048243753552934
APOA2_ITGA2,0.000603795517905362
GHRL_PTGER3,0.0006026653245561353
FGF19_KLB,0.0006009656572997337
EFNA1_EPHA3,0.0005998549375129836
SHANK1_ITGA2,0.0005964438272308619
COL6A2_ITGA2,0.0005964257184747003
COL2A1_ITGA2,0.0005959671490494408
MDK_ITGB2,0.0005954520871428418
LAMA3_SDC1,0.0005948717840463997
NRG1_LGR4,0.000592459978798089
IFNE_F3,0.0005913300691016078
MMP7_ITGB5,0.0005911201524443603
SFTPD_LRP6,0.000589943903617617
MMP2_SDC2,0.0005887152513366099
FGG_CD36,0.0005850668876021812
SOSTDC1_LRP6,0.0005819578339200684
WNT7A_LRP6,0.0005818137910396408
S100A8_TLR4,0.0005797981340167651
GDF5_BMPR1A,0.0005732384903135444
COMP_CD36,0.0005720227458390376
CXCL12_CXCR4,0.0005710376451977575
C5_C5AR2,0.0005676469190047558
S100A8_AGER,0.0005661391860838137
APOE_TLR4,0.0005657596593142178
CXCL2_CXCR2,0.0005641183311995202
COL4A6_DDR2,0.0005607494787258141
IL22_IL21R,0.0005602710383641838
SPP1_ITGB2,0.0005588627434746449
KNG1_BDKRB1,0.0005580427608782926
EFNB2_EPHA4,0.000555388424573479
CXCL12_CD4,0.0005536650800314631
VWF_TNFRSF11B,0.0005526444548291361
APP_FPR2,0.0005430153608159084
ANXA1_EGFR,0.0005412438304663597
SHANK1_ITGA7,0.0005374943769636015
PLG_SDC1,0.0005355201136854658
EGF_FSHR,0.0005346722988907668
THBS2_SDC1,0.0005319420263337363
LIN7C_KCNJ4,0.0005306705850223931
MMP1_ITGB5,0.0005277272353677417
F10_F3,0.0005254279616099131
SHANK1_DDR2,0.0005235202532926502
COL2A1_DDR2,0.0005224241734032366
SERPINA1_STAB2,0.0005169201435237987
RAET1G_KLRK1,0.0005163327968392175
CALM3_SCN10A,0.0005152304635976332
CD14_C5AR1,0.0005090110386589736
LPL_SDC1,0.0005086934401951238
JAM3_FCRL4,0.0005040974242026693
COL1A1_ITGA11,0.0005003067694410786
LAMA2_ITGA11,0.0004988670184729166
SHANK1_PTPRB,0.0004925316135976477
FGF2_FCRL4,0.0004862340305895992
COL18A1_KDR,0.0004858034986638982
WNT3A_ITGAX,0.0004822662461266427
CD34_SELL,0.00047942428620902317
F13A1_ITGA9,0.000477631446973358
LAMA1_NT5E,0.00047660011257671676
COL4A6_ITGA10,0.0004714042645289704
F8_STAB2,0.000469505776164831
SHANK1_ITGB5,0.0004692460364413411
COL1A2_SDC1,0.0004639756920409013
S100A8_ITGB2,0.00046396669673658944
NCAM1_CACNA1C,0.00044860481264277844
NRG2_ERBB2,0.0004463083938764338
THBS1_TNFRSF11B,0.0004450544387695702
APOE_ITGB2,0.0004447161322064452
TNFSF11_TNFRSF11B,0.00044388598158300914
NLGN3_NRXN2,0.0004429962337449237
TNFSF11_LGR4,0.00043896086549327596
SHANK1_ITGA10,0.00043833106748495645
GNAI2_S1PR4,0.0004374820733977518
APOC3_LRP8,0.00043737855278642177
COL2A1_ITGA10,0.0004373573468196254
FGF10_FGFR2,0.00043339850373049356
APP_GRM7,0.00042665414648764417
PLTP_RYR1,0.00042401895251805425
NMU_NMUR1,0.0004229217633231177
FGF19_FGFR2,0.00042253446071871406
SLIT2_ROBO2,0.0004208092592519544
IFNE_TLR6,0.00042016202557968954
CCL25_CCR10,0.00041822067153348926
NTN3_NEO1,0.0004178132513993714
LIPC_LRP8,0.00041766936529854685
EFNA2_EPHA3,0.00040928944440755
LIPH_LPAR2,0.00040649204816300033
CD14_CD40,0.00039751245107228406
LAMA1_SDC1,0.00039706448706720686
S100A1_TLR4,0.0003967251427813343
VIP_RAMP1,0.0003944026826325105
KNG1_ITGAM,0.00039354890925515226
CRP_TLR6,0.00039217633398958213
NTN3_CDON,0.0003917172999171379
VWF_NT5E,0.0003903629516451645
COL1A1_CD93,0.000383875988662788
TPH1_HTR2B,0.00038314824616958465
WNT1_FZD5,0.0003820449015782307
RPH3A_NRXN1,0.00038080803438733137
S100A1_AGER,0.00037475369213377853
NPTX2_NPTXR,0.00037457334082069155
CCL18_CCR1,0.00037303237547730195
SST_SSTR2,0.00037292134051569487
ADAM12_ITGB2,0.00036901276135974597
WNT3A_SORL1,0.0003673399500890229
CD14_TNFRSF11B,0.00036715354039900885
MMP9_SDC1,0.0003658354990784516
F8_ITGB2,0.00036573357132823145
IFNE_SDC2,0.0003644349555251406
LPA_ITGB2,0.00036368172248281763
CXCL1_CXCR2,0.0003624403041341209
WNT3A_FZD5,0.00036200834440228564
S100A8_RYR1,0.00036023907740231957
LIPH_LPAR1,0.00035950398727220133
NODAL_ACVR1C,0.00035847598166175343
APOE_RYR1,0.00035789697171572364
SLIT2_SDC1,0.000356023380395917
SHANK1_SSTR2,0.0003555268682102434
LAMB1_ITGAM,0.00035481056785001847
FASLG_FAS,0.00035395307139760046
TFPI_FCRL4,0.00035314561236091715
PODXL2_SELL,0.000349526803370186
HCRT_NPFFR2,0.00034359112281844657
RSPO1_LGR4,0.00034211646993379603
EFNA1_EPHA4,0.0003408391693951687
CALCA_RAMP1,0.0003406301144981434
NTNG2_LRRC4,0.00033862462088694314
C3_SDC1,0.0003376148056476063
PSAP_ASGR2,0.0003370217308839934
TGFA_EGFR,0.00033220479767197915
CNTF_EGFR,0.0003315422902993916
EFNA1_EPHA2,0.00033054983425010565
AGRN_ITGB2,0.00033044086968963497
THBS2_NOTCH3,0.00032975272164936916
LPA_LPAR3,0.0003289892881726156
GDF7_BMPR1A,0.0003269048717871914
LAMA3_ITGB2,0.0003260518529997957
VWF_SDC1,0.00032559528299837433
IL24_IL20RA,0.00032430325324121875
EFEMP2_PLSCR4,0.00031624908455182133
COL18A1_ITGB2,0.0003058389613128913
CEACAM1_FCRL4,0.0003052146887676008
S100A1_ITGB2,0.00030322226663325857
COL1A2_ERBB4,0.0003008174645255846
WIF1_RYK,0.0002977372390244625
HSP90B1_ASGR2,0.00029605487248419093
NTN1_UNC5C,0.00029516060188762447
PDGFA_PDGFRA,0.00029403887133499444
COL4A2_CD93,0.0002940368321809223
PLG_ITGB2,0.00029399343320294497
FGA_SDC1,0.0002934997449753978
F8_RYR1,0.00029305290551507755
MDK_ITGA2B,0.0002928510740551622
HP_SDC1,0.00029279737164741393
THBS2_ITGB2,0.0002917816269056471
THBS1_ITGB7,0.0002886012807303184
TIMP2_SDC1,0.00028733210566696667
COL9A3_ITGAM,0.0002867363476174979
IL1F10_IL1R1,0.00028585455892290757
ADAM2_ITGA9,0.0002856107123804441
MFGE8_PDGFRB,0.00028447624321303346
NRG1_EGFR,0.00028325169220231553
LIPH_SDC1,0.0002829617895353258
CD14_ITGA9,0.0002826014784772286
IL1A_IL1R1,0.00028059353898411666
VEGFC_ITGA9,0.0002799763107080159
CCL21_CCR7,0.00027958410281918013
MDK_ITGAM,0.00027306665553052085
COL6A3_ITGA11,0.00027223135147530085
NID1_ITGB2,0.0002704633454774823
COL1A2_ITGA11,0.0002695464533509906
NRG3_ERBB4,0.00026471671555870156
TGFA_ERBB4,0.00026376987162068076
THBS1_SDC1,0.0002614360568726579
OXT_AVPR1A,0.0002611323652113361
VIP_AVPR1A,0.0002603727600215635
CXCL14_CXCR4,0.00025901814221419985
IFNE_ITGA4,0.00025885398348824795
DLL3_NOTCH3,0.0002583623308148711
S100A1_RYR1,0.00025783015820039426
MMP9_TLR4,0.00025778237053519386
HP_CD22,0.00025753566947747094
VWF_STAB2,0.0002564837175107528
PODXL_FCRL4,0.00025633265543291157
COL1A2_ITGB2,0.0002543980246689853
EDN1_KEL,0.0002484113453154016
FGF2_FGFR3,0.00024240370310202048
CRP_CR1,0.00023958384942301825
RBP4_STRA6,0.0002392280674786634
PLTP_NRXN2,0.00023829464656660506
KNG1_GP1BA,0.00023791671254192557
THBS2_CD93,0.0002367344981432905
NPPA_NPR1,0.00023435544546091414
SHANK1_ITGAX,0.00023392067518245366
ADAM2_ITGB7,0.00023124302659043375
EFNA2_EPHA4,0.00023090069405833576
LAMA1_ITGA11,0.0002308281831633523
LAMA2_ITGAM,0.00023064907615900527
DCN_EGFR,0.00022789302792769218
CD14_ITGB7,0.00022758548022246478
EFNA2_EPHA2,0.00022592021937968424
GPC3_LRP8,0.0002254487147537077
MADCAM1_ITGB7,0.00022413084432238632
LIPH_CNR1,0.0002228587928149275
NRG1_ERBB4,0.00022209075169736804
PSPN_GFRA3,0.00022015407974625774
HBEGF_EGFR,0.00021989253574269458
NMB_GRPR,0.00021953061263311487
C4BPA_LRP8,0.00021831612244566664
LAMA1_ITGB2,0.00021766665404187628
MMP13_LRP8,0.0002165359339505267
MMP9_EPHB2,0.00021628612504392096
S100A8_ITGAM,0.00021348693650290038
MBL2_LRP8,0.0002092282330484796
APOA4_LRP8,0.0002088755495422378
APOE_ITGAM,0.00020821236745743434
CD14_SDC1,0.00020697323525909863
COL1A2_CD93,0.00020680496454726863
FGA_TLR4,0.00020660065732252357
HP_TLR4,0.00020628403566614104
ICAM4_RHAG,0.00020592505169811162
IFNE_SORL1,0.00020585311535248254
EFNB2_EPHB2,0.00020506109930318046
CRP_LRP8,0.00020480790021934486
APOA2_LRP8,0.00020384046223222578
MMP9_ITGB2,0.0002029923615324049
C3_C5AR2,0.00020271136952348606
SHANK1_LRP8,0.0002011070170797626
CXCL11_DPP4,0.00019938037023283458
C4BPA_SORL1,0.0001957568098817172
CXCL12_DPP4,0.00019574874996308793
CER1_MRC2,0.00019548274871845193
LAMB1_COL17A1,0.0001953799350056492
PYY_DPP4,0.00019530158853876928
F13A1_ITGB2,0.000194959196230284
CXCL12_IL2RG,0.0001949178443247091
ADM_CALCRL,0.00019018140330558632
COL3A1_ITGA11,0.0001900815075554356
CEACAM1_SELE,0.00018888888602345834
TF_ITGB2,0.00018837509538503
PPBP_CXCR2,0.0001878491645878971
WNT7A_FZD5,0.00018769246074443682
EFEMP2_AQP1,0.00018688124385151295
C3_ITGB2,0.0001855476483913803
MBL2_SORL1,0.0001848647656146261
EDA_EDA2R,0.00018303031303743206
SFRP2_FZD5,0.0001828617063403293
VEGFC_KDR,0.00018009592650263952
CRP_SORL1,0.0001795668951470241
IFNE_C5AR1,0.00017919670452902693
LPA_ITGAM,0.00017815819735104668
DCN_ERBB4,0.00017813223858618876
VWF_ITGB2,0.0001781177414962257
CGA_ADRB3,0.00017785007436867752
CXCL5_CXCR2,0.00017721355149068928
LAMA1_CD93,0.00017711724980938248
CGA_ADCYAP1R1,0.00017611049339401102
WNT2_FZD9,0.0001760071716956848
HBEGF_ERBB4,0.00017528529455807055
THBS1_ERBB4,0.00017116197774531846
F8_ITGAM,0.00017086929248483557
PDGFA_PDGFRB,0.00017018398512245268
IFNE_TRPM3,0.00016899834370889778
C1QA_NOTCH3,0.00016856072726844883
JAG2_NOTCH3,0.0001677225201362143
S100A8_CD79A,0.00016530162562700037
CGA_LHCGR,0.00016500134441243167
FGA_ITGB2,0.0001629077882735456
MMP9_RYR1,0.00016278369389722083
HP_ITGB2,0.00016247361392362735
CD14_EGFR,0.00016231264077087192
AGRN_ITGAM,0.00016119924923481502
IFNE_CD40,0.00016073397798982056
C3_RYR1,0.00016066129578340811
LAMA3_ITGAM,0.0001599966781862617
C1QA_ITGA11,0.00015934545428078383
TIMP2_ITGB2,0.0001590952420384022
IFNE_HFE,0.0001585179394518332
LTF_ITGB2,0.00015737477890176817
THBS2_ITGA2B,0.00015727532754382733
LIPH_ITGB2,0.00015639371695224912
IFNE_TNFRSF11B,0.00015556993270905643
HPX_STAB2,0.0001553472341610073
COL11A1_ITGA11,0.00015507179881023398
EFEMP1_EGFR,0.00015488341174285354
COL9A3_FCRL4,0.00015354087681856708
HRAS_GRIN2D,0.0001525996300986043
TGFB3_FCRL4,0.00015231577510243144
APOC3_SDC1,0.00014967285905077322
CD14_TLR4,0.00014902191795781926
C4BPA_CD40,0.00014712640661870876
COL3A1_CD93,0.00014604794539021558
S100A1_ITGAM,0.00014589037075659594
SHANK1_GPC4,0.0001453391121078339
FGG_SDC1,0.00014531086371813844
MDK_FCRL4,0.0001451335303584595
PLG_ITGAM,0.0001433617114509916
THBS1_ITGB2,0.0001430875155163836
THBS2_ITGAM,0.0001427556863647138
CD14_PDGFRA,0.000142347684614115
PLTP_CFTR,0.00014212730366279633
SPP1_FCRL4,0.00014176716948616108
CALM3_ASGR2,0.00014070760002249613
CCL2_CCR1,0.00013964024756065393
CCL3_CCR4,0.0001390203822386666
LIPH_LPAR3,0.00013866731754246222
COL1A2_ITGA2B,0.0001374267267181024
RLN2_ADRB3,0.0001368065756951758
CRP_TRPM3,0.00013636393692505278
CCL8_CCR1,0.00013354894059267817
RLN2_ADCYAP1R1,0.00013285941244902083
INSL3_ADRB3,0.00013213602774272688
CD14_ERBB4,0.0001305363651421531
INSL3_ADCYAP1R1,0.0001301435666865826
CXCL2_DPP4,0.00013013342477357913
KNG1_GRM7,0.0001299417693041809
LTF_RYR1,0.00012961630877472092
NID1_ITGAM,0.000129063469765148
COL1A1_COL17A1,0.00012723713965709265
LAMA2_COL17A1,0.00012700409870952594
TPH1_HTR2C,0.00012507977228100396
BGN_SELP,0.00012505323830113848
COL1A2_ITGAM,0.00012466164332991365
C1QA_CD93,0.00012179708682019845
CCL23_CCR1,0.00012173467707261028
LUM_ITGB2,0.00012050760587509807
TCN2_CNR1,0.00012024155448344992
CCL3_CCR3,0.00011959684639260433
LAMB3_ITGA11,0.0001192810211942119
TFF1_LPAR2,0.00011907729900002457
NXPH3_NRXN1,0.00011787441347858835
LAMA1_ITGA2B,0.00011771358808713149
EFNB3_EPHA4,0.00011770661151493115
THBS1_CD93,0.00011732790921764652
CXCL13_CXCR5,0.00011699427041392332
ADAM2_ITGB2,0.00011626368397487075
FGL1_EGFR,0.00011512863563180491
CD14_ITGB2,0.00011405115342332196
ANG_FCRL4,0.0001139817111882677
S100A8_FCRL4,0.00011367572978475861
ADAM15_FCRL4,0.00011350023656143875
VWF_SCARA5,0.0001133033919071978
APOE_FCRL4,0.0001119046035303069
CGA_GPR84,0.00011146028429770728
ANXA1_FPR1,0.0001104078073867319
TNFSF11_TNFRSF11A,0.00010893169328954787
FGF7_FCRL4,0.0001085921989516028
ANGPTL2_TIE1,0.00010820140284463561
CRP_LRP4,0.00010774247562563724
LAMA1_ITGAM,0.0001067463088546916
SHANK2_CFTR,0.00010674243292227542
CAMP_FCRL4,0.00010602969022098987
SHANK1_LRP4,0.00010542781173057701
APOC3_TLR4,0.0001046179767129432
RLN2_RXFP3,0.0001034769141410623
LIPC_STAB2,0.00010336756010391847
FGG_TLR4,0.00010265164038961687
IL22_IL10RA,0.00010250017043146004
DSCAM_DCC,0.00010200664657128395
TFF1_LPAR1,0.0001018583887457435
ADM_ADRB3,9.968081308154295e-05
ANXA1_FCRL4,9.953315622324792e-05
TF_TFR2,9.937212818581374e-05
ADAM12_FCRL4,9.848605547239968e-05
LPA_FCRL4,9.799557931500482e-05
VWF_ITGA2B,9.741527326057072e-05
RLN2_GPR84,9.730806616254986e-05
IL2_CD53,9.706109340997618e-05
ADM_ADCYAP1R1,9.673267239840632e-05
MMP9_ITGAM,9.48745156631836e-05
F13A1_ITGAM,9.267346410579592e-05
TF_ITGAM,9.086944976345172e-05
CGA_FSHR,9.043824871654086e-05
C3_ITGAM,9.009474186503946e-05
HSPA1A_ASGR2,8.933292159428135e-05
TCN2_ITGB2,8.884904060988847e-05
HEBP1_GRM7,8.878053100496447e-05
AGRN_FCRL4,8.848374684656263e-05
VWF_ITGAM,8.805898042757589e-05
ANGPTL4_TIE1,8.79554205826075e-05
OXT_OXTR,8.759160152239462e-05
CCL18_CCR8,8.686922330335818e-05
INSL3_GPR84,8.591518809126781e-05
CAMP_FPR2,8.561768399910318e-05
SFTPA2_NOTCH3,8.530297836897013e-05
EFNB2_GRM1,8.474036707108824e-05
APOC3_ITGB2,8.326074775762279e-05
F12_NOTCH3,8.321847317920349e-05
SCGB3A1_NOTCH3,8.319033624905727e-05
C5_GRM7,8.310847963887766e-05
ADM_FCRL4,8.31069806292203e-05
FGA_ITGA2B,8.217192479584252e-05
DLL4_NOTCH3,8.186496332587472e-05
SFTPA2_ITGA11,8.107037732194162e-05
NXPH2_NRXN1,8.084767762433576e-05
FGG_ITGB2,8.056436620035384e-05
HRAS_TLR9,8.043000672022034e-05
TFF1_SDC1,8.03231093267763e-05
FGF12_FCRL4,8.011212187809013e-05
IFNE_SDC1,7.98293677974364e-05
COL18A1_FCRL4,7.976673061540876e-05
OLFM2_ROBO2,7.965117568495256e-05
IL2_IL2RG,7.953296264593583e-05
MMP9_TLR9,7.921921059141308e-05
PLG_FCRL4,7.86768962990951e-05
THBS2_FCRL4,7.847340158096505e-05
THBS1_ITGA2B,7.805544591355674e-05
TGFB3_ITGB6,7.763571073092417e-05
MMP7_SDC1,7.746436422659642e-05
WNT1_FZD9,7.718779217986231e-05
NTNG2_LRRC4C,7.698887254543562e-05
SHANK1_NT5E,7.654672004447144e-05
FGA_ITGAM,7.60404185835241e-05
HP_ITGAM,7.592145674306308e-05
APP_ASGR2,7.579705062136453e-05
EFNB2_EPHB6,7.506903751826427e-05
TIMP2_ITGAM,7.499579787513851e-05
MDK_ITGB6,7.452620200097298e-05
LTF_ITGAM,7.452439862915152e-05
CCL19_CCR7,7.428599087714902e-05
LIPH_ITGAM,7.425559201921852e-05
ANXA1_FPR2,7.330359755337878e-05
RAET1L_KLRK1,7.290588543656082e-05
SPP1_ITGB6,7.218593804160587e-05
MMP9_CD79A,7.147538103087568e-05
ADM_GPR84,7.122107035993041e-05
THBS1_ITGAM,7.060975201819357e-05
MMP1_SDC1,7.042564127207012e-05
CD34_FCRL4,6.94471413068477e-05
BGN_CALCR,6.902193250535787e-05
COL6A3_COL17A1,6.897124922687143e-05
COL1A2_FCRL4,6.858042017038882e-05
COL1A2_COL17A1,6.853666629076056e-05
ULBP2_KLRK1,6.853355528492685e-05
CXCL12_CD79A,6.783922018237012e-05
CCL26_CCR1,6.7730578402127e-05
SHANK1_BCAM,6.676365077925709e-05
CCL17_CCR8,6.5928243082329e-05
SLIT2_DCC,6.537786385126207e-05
CD34_SELP,6.445585942401107e-05
SHANK1_SDC1,6.393228245102182e-05
WNT3A_AR,6.338175264588909e-05
AGRN_ATP1A3,6.294527039064065e-05
SFTPA2_CD93,6.185051240482137e-05
CGA_VIPR1,6.105342294535367e-05
HP_CD163,6.066680848615427e-05
CNTF_FCRL4,6.0412135600226716e-05
IFNE_CNR1,6.03625486743698e-05
CXCL12_ADRB3,6.0250403749576856e-05
CD14_ITGA2B,5.994048610272838e-05
ANXA1_GRM7,5.992975281310028e-05
F12_CD93,5.991001199693664e-05
S100A8_CALCR,5.92465419947561e-05
MDK_MUSK,5.92419782004075e-05
LAMA1_COL17A1,5.8711458465394765e-05
TAC1_TACR2,5.753392738812758e-05
MDK_ITGA8,5.718403169104262e-05
NID2_COL13A1,5.544200180607401e-05
IL3_IL3RA,5.5422298442615726e-05
CD14_ITGAM,5.480281565019567e-05
NRG1_CFTR,5.460009615086877e-05
IFNE_TLR4,5.455974635502675e-05
IFNE_AGER,5.421112968683189e-05
NXPH3_NRXN2,5.401939789366483e-05
FGF7_FGFR3,5.383104784288228e-05
VWF_GP1BA,5.353946110651503e-05
TPH1_HTR7,5.2916576121415744e-05
SFTPD_TLR4,5.241027694821807e-05
MMP13_STAB2,5.2196444634342074e-05
CXCL2_XCR1,5.174454143892527e-05
APOA4_STAB2,5.168650052007719e-05
HRAS_FCRL4,5.142049604883842e-05
CRP_STAB2,5.141572118048453e-05
APOA2_STAB2,5.1351319803066126e-05
SHANK1_STAB2,5.116935709821071e-05
NRG1_FCRL4,5.105305113196172e-05
MMP9_FCRL4,5.0943809340622905e-05
NTN1_DCC,5.0884068111129397e-05
CXCL12_FCRL4,5.0221907084067424e-05
F13A1_FCRL4,5.0204727120428215e-05
PODXL2_FCRL4,4.989056641394743e-05
ALB_FCRL4,4.964124494702958e-05
RLN2_VIPR1,4.961852394172885e-05
TF_FCRL4,4.959896442444459e-05
CCL21_GRM7,4.953751895990108e-05
C3_FCRL4,4.933882838554119e-05
WNT2_FCRL4,4.926100209071794e-05
RLN3_ADRB3,4.886569494056234e-05
COL3A1_COL17A1,4.855792891513711e-05
CRP_TLR4,4.842818043325483e-05
COLQ_MUSK,4.810299026386498e-05
RLN3_ADCYAP1R1,4.7799557655026615e-05
SAA1_FPR1,4.693633922377912e-05
EFNA1_EPHB6,4.607562190764636e-05
INSL3_VIPR1,4.60727188726561e-05
KNG1_RXFP4,4.579897545112101e-05
CD14_TLR9,4.572175315064231e-05
MMP7_ERBB4,4.519561457955327e-05
TFF1_ITGB2,4.5021982786900704e-05
IFNE_ITGB2,4.4716774859736253e-05
GPC3_ITGB2,4.4221710204646614e-05
VWF_SELP,4.4208290405400025e-05
WNT3_ROR2,4.396824862095315e-05
ADM_CALCR,4.344399944120594e-05
EFNB3_EPHB2,4.3433210728319216e-05
NID1_COL13A1,4.32786227936238e-05
MMP7_ITGB2,4.325484023463962e-05
CXCL12_CCR4,4.3025632597100214e-05
NTN1_UNC5D,4.297418888815507e-05
VIP_DPP4,4.28659088475994e-05
NRG2_ERBB4,4.283246754356933e-05
CCL18_CCR3,4.2786827127196365e-05
PYY_NPY1R,4.186701897591836e-05
LAMA1_ROBO4,4.1524428679602765e-05
C4BPA_ITGB2,4.148731948172644e-05
APOC3_ITGA2B,4.146122841292902e-05
FGG_ITGA2B,4.090121605209582e-05
FGA_FCRL4,4.080232816880945e-05
HP_FCRL4,4.076238245246789e-05
SHANK1_NOTCH3,4.058872308705126e-05
TIMP2_FCRL4,4.045155919666786e-05
SAA1_FCRL4,4.041863355721888e-05
LTF_FCRL4,4.0293269946171416e-05
LIPH_FCRL4,4.0203008459382854e-05
HBEGF_FCRL4,4.0159078610182335e-05
TCN2_ITGAM,4.00464465282208e-05
C1QA_COL17A1,4.0024738552620945e-05
UCN_CRHR1,3.995630858711014e-05
WNT3A_TFR2,3.969235611469494e-05
GC_FCRL4,3.961494175053459e-05
CXCL12_GPR84,3.9512344660290444e-05
FGF12_FGFR3,3.9501874393285554e-05
SERPING1_FCRL4,3.939634856070881e-05
COL11A1_COL17A1,3.933299620102087e-05
CD14_CD79A,3.929641537160682e-05
NXPH1_NRXN1,3.915745610713648e-05
CXCL9_DPP4,3.901641110657591e-05
THBS1_FCRL4,3.8978786558088035e-05
COL4A6_ITGA11,3.897214510537016e-05
MMP1_ITGB2,3.890383081944835e-05
APOC3_ITGAM,3.8515279146121785e-05
TFF1_LPAR3,3.8502458677985545e-05
NTN4_DCC,3.8079886901940424e-05
ADCYAP1_DPP4,3.803812683157365e-05
CXCL11_CCR3,3.7991673615361566e-05
CCL17_CCR4,3.792734416634098e-05
APOA4_ITGB2,3.7868128330551525e-05
FGG_ITGAM,3.777648259423492e-05
SHANK1_ITGA11,3.7715920257585806e-05
COL2A1_ITGA11,3.767893526055139e-05
WNT7A_FZD9,3.7613016751499345e-05
SCGB1A1_ITGB2,3.663103399380639e-05
FSHB_ADRB3,3.646942394074447e-05
CXCL13_GRM7,3.640129893363671e-05
IL26_IL20RA,3.6336955427766815e-05
CRP_ITGB2,3.6308731397116366e-05
SLIT2_ROBO4,3.6279483398997286e-05
SERPING1_SELP,3.627708318588103e-05
ADM_VIPR1,3.622674062966289e-05
APOA2_ITGB2,3.59378489265172e-05
RLN3_RXFP3,3.589196681205839e-05
LHB_ADRB3,3.5806258473023694e-05
FSHB_ADCYAP1R1,3.574509005544888e-05
AGRN_MUSK,3.558731720310194e-05
LHB_ADCYAP1R1,3.5359470392907045e-05
F10_ITGB2,3.535619523186768e-05
FGA_CDH5,3.468422452649657e-05
PDCD1LG2_PDCD1,3.4018769944733585e-05
UCN_CRHR2,3.33625831015279e-05
LHB_LHCGR,3.332891353766262e-05
RLN3_GPR84,3.323291899251488e-05
IFNE_RYR1,3.3057789011715425e-05
EFNA1_EPHA7,3.275200849145495e-05
C4BPA_RYR1,3.266487971320624e-05
GHRL_GHRHR,3.258174555939925e-05
MBL2_RYR1,3.224100332746242e-05
IL3_CSF2RB,3.219364475170444e-05
CRP_RYR1,3.203483062646347e-05
SHANK1_RYR1,3.186221442255672e-05
CXCL11_GRM7,3.0547884239383345e-05
MMP1_CD93,3.0493167640280385e-05
SAA1_FPR2,3.0468911144893438e-05
LUM_FCRL4,3.0447802016641293e-05
FGF20_FCRL4,3.0355370134331384e-05
CXCL12_GRM7,3.0269539991522476e-05
PYY_GRM7,3.023526746271182e-05
MBL2_CD93,3.015930333184847e-05
SFTPA1_FCRL4,3.0062791771308698e-05
ADAM2_FCRL4,3.0057344817967033e-05
LAMB3_COL17A1,2.9981638130151073e-05
COL4A6_CD93,2.9860634294906003e-05
CD14_FCRL4,2.9853783465649867e-05
C3_GRM7,2.9678666275154233e-05
VEGFC_FCRL4,2.967620248711929e-05
SHANK1_CD93,2.9004993075632492e-05
COL2A1_CD93,2.8979801814678555e-05
FGA_ITGAD,2.856796826372858e-05
CD14_SELP,2.77988815234891e-05
DRAXIN_DCC,2.65954860094574e-05
WNT3A_PTGER2,2.481560231933511e-05
RLN3_GRM7,2.458914097589574e-05
FSHB_GPR84,2.4485987409231168e-05
SAA1_GRM7,2.437695885482926e-05
ASIP_MC4R,2.3996672817542503e-05
SERPING1_SELE,2.3930029507561037e-05
CALCA_CALCRL,2.322211308460081e-05
ANGPT4_TIE1,2.3148915348311555e-05
LHB_GPR84,2.2868326399909713e-05
CGB5_LHCGR,2.217229683750711e-05
EFNA2_EPHA7,2.2005758627101836e-05
ASIP_MC3R,2.189997973746575e-05
F12_GP1BA,2.1801390049448364e-05
HP_ASGR1,2.175712558092134e-05
TPH1_HTR4,2.1528822943212152e-05
WNT3A_CFTR,2.151797779901511e-05
CD5L_CD5,2.1512896292329957e-05
RSPO1_LGR5,2.143034518405005e-05
ASIP_MC5R,2.1328215672432634e-05
GNB3_GABBR2,2.128673907810932e-05
CXCL12_VIPR1,2.1085306505834763e-05
TCN2_FCRL4,2.1081546109229114e-05
SCGB3A1_MARCO,2.087929168818187e-05
WNT1_FCRL4,2.0667039710338588e-05
FGL1_FCRL4,2.0607416901146436e-05
APOC3_FCRL4,2.056740159296378e-05
FGG_FCRL4,2.0319324080191417e-05
CHAD_FCRL4,2.029135337977175e-05
SFTPA2_FCRL4,2.0280143874092584e-05
TFF1_ITGAM,2.0186925326364234e-05
IFNE_ITGAM,2.0103299712033004e-05
FGF14_FCRL4,2.0062735485348208e-05
GPC3_ITGAM,1.9967654198824782e-05
FGF3_FCRL4,1.9868828261079114e-05
WNT3A_FCRL4,1.98296758917164e-05
SCGB3A1_FCRL4,1.9792104996924908e-05
MMP2_FCRL4,1.9755983352208025e-05
EFNB2_EPHA6,1.9751645120621793e-05
RNASE2_FCRL4,1.9662300556568405e-05
COMP_FCRL4,1.964039652482843e-05
THBS1_ITGB6,1.956360944514115e-05
CCL19_CCRL2,1.935697049773274e-05
SHANK1_ITGA2B,1.933069130873007e-05
COL2A1_ITGA2B,1.9316579657045463e-05
CXCL2_GRM7,1.9133898074527713e-05
CCL2_CCR4,1.8902345713855424e-05
FSHB_FSHR,1.8864789215616945e-05
MMP1_ITGAM,1.851057890377306e-05
PDYN_GRM7,1.8343713788707465e-05
APOA4_ITGAM,1.822680102911968e-05
F8_TPO,1.8016740038351052e-05
NXPH1_NRXN2,1.7954964603351623e-05
SCGB1A1_ITGAM,1.7887842684043452e-05
CRP_ITGAM,1.7799533206307595e-05
APOA2_ITGAM,1.7697913059227496e-05
F10_ITGAM,1.7538542534369637e-05
SHANK1_ITGAM,1.7410790678127343e-05
TFF1_XCR1,1.73861350651465e-05
RLN3_VIPR1,1.7373384906664187e-05
IFNE_XCR1,1.7328356663362128e-05
CCL2_CCR3,1.6234485215945376e-05
IFNE_CD79A,1.6203562244303832e-05
EFNB3_EPHB6,1.591513915655073e-05
TPH1_HTR1A,1.5865909773875414e-05
MDK_ASGR2,1.5788399587754187e-05
CCL8_CCR3,1.567436686935954e-05
THBS1_MUSK,1.5636533076968273e-05
THBS1_ITGA8,1.5558585730944533e-05
CD14_CALCR,1.52163486129896e-05
CD14_ITGB6,1.5103512493349173e-05
WNT1_ROR2,1.5087532034847791e-05
CD14_NTRK1,1.4929153293479739e-05
FGF20_FGFR3,1.491029719751359e-05
IL19_IL20RA,1.4782316657135345e-05
WNT3A_LGR5,1.4151478049590586e-05
GDF5_ROR2,1.4047425284895577e-05
FSHB_VIPR1,1.2893501522208945e-05
CCL19_GRM7,1.2678848641646358e-05
ACE2_SLC6A19,1.2609263640962774e-05
NPFF_NPFFR1,1.2602371691422533e-05
VIP_ADRB3,1.2557467967005233e-05
LHB_VIPR1,1.2390036939246773e-05
TAC1_TACR1,1.235013371508801e-05
EDA_EDAR,1.2260100075349921e-05
CALCA_ADRB3,1.2152982446884997e-05
VIP_ADCYAP1R1,1.2148200948365073e-05
F12_COL13A1,1.2126443218863985e-05
CXCL1_GRM7,1.2109832233146354e-05
CD14_MUSK,1.2048648986953012e-05
EFNA1_EPHA6,1.2024468950699337e-05
PTHLH_ADRB3,1.1945441247943016e-05
APOE_ASGR2,1.1921882570511875e-05
CALCA_ADCYAP1R1,1.1912999362390575e-05
ADCYAP1_ADRB3,1.1898304842547818e-05
CD14_ITGA8,1.1863148707707787e-05
PTHLH_ADCYAP1R1,1.179231761553424e-05
ADCYAP1_ADCYAP1R1,1.176490858170086e-05
SHANK1_CFTR,1.0622180275981466e-05
TFF1_FCRL4,1.059574190948621e-05
IFNE_FCRL4,1.056766160191804e-05
APOC3_ITGB6,1.0531226457395609e-05
GPC3_FCRL4,1.0522113742430136e-05
VIP_FCRL4,1.047005904587253e-05
GHRL_PTGIR,1.0467747863821818e-05
IFNE_SELP,1.0454904200778331e-05
MMP7_FCRL4,1.0433157972544092e-05
PYY_NPY5R,1.0381048468961188e-05
C4BPA_FCRL4,1.0270539239681809e-05
GPHA2_FCRL4,1.017267571423511e-05
CALCA_FCRL4,1.0130711834523564e-05
TFF2_FCRL4,1.0052142646804933e-05
FGF10_FCRL4,1.0038502646102674e-05
MMP1_FCRL4,1.0032848309076857e-05
APOA4_FCRL4,9.937559681721914e-06
ADCYAP1_FCRL4,9.917047486788282e-06
FGF14_FGFR3,9.886223135457097e-06
COL4A6_COL17A1,9.866300523189931e-06
FGF3_FGFR3,9.826134344393588e-06
SCGB1A1_FCRL4,9.823742226882392e-06
F8_ASGR2,9.79342755297469e-06
APOA2_FCRL4,9.759966524619283e-06
FGF19_FCRL4,9.749226763862261e-06
F10_FCRL4,9.706452139211008e-06
VWF_TPO,9.703595071556435e-06
SHANK1_COL17A1,9.662965477505276e-06
COL2A1_COL17A1,9.656979012522591e-06
RLN3_RXFP4,9.580996758021097e-06
VIP_GPR84,9.140139706040104e-06
NGF_SORCS3,8.750614438081062e-06
S100A1_ASGR2,8.248398119417307e-06
CALCA_GPR84,8.153477271729714e-06
EFNA2_EPHA6,8.100123260568317e-06
CCL26_CCR3,7.92510113348932e-06
PTHLH_GPR84,7.647221560753932e-06
ADCYAP1_GPR84,7.532241621600454e-06
CXCL9_CCR3,7.424526069472054e-06
ANGPT4_TEK,7.396107837527848e-06
NMU_NMUR2,7.2323840573466225e-06
LPL_GPIHBP1,7.104708667092373e-06
SHANK1_ATP1A3,6.773044718079315e-06
SHANK1_ROBO4,6.7710591612618906e-06
GAL_GRM7,6.596511940985174e-06
CCL25_GRM7,6.420743144914354e-06
PPBP_GRM7,6.368951941939386e-06
SST_GRM7,6.184592022516009e-06
APOA4_COL13A1,6.1051221270263195e-06
CXCL9_GRM7,6.043688286663226e-06
NMU_GRM7,6.014084998471419e-06
IL22_IL22RA2,5.976238879766321e-06
WNT5B_KLRG2,5.922308588319954e-06
CNTF_CNTFR,5.9163127471952735e-06
APOA2_COL13A1,5.9106166069155275e-06
CXCL5_GRM7,5.865111660033279e-06
SHANK1_COL13A1,5.805023567840126e-06
IFNE_CALCR,5.5774973882578095e-06
PYY_NPY2R,5.291285036845666e-06
CALCA_CALCR,5.2192462027751305e-06
MBL2_CALCR,5.0710815575985985e-06
TPH1_HTR6,5.065829184927418e-06
NGF_NTRK1,4.861545761119393e-06
FGF19_FGFR3,4.855680527496899e-06
GAL_GALR1,4.6757834231691845e-06
VIP_VIPR1,4.602261535626841e-06
HP_ASGR2,4.351075518472325e-06
CALCA_VIPR1,4.295182618503818e-06
PTHLH_VIPR1,4.137620670153794e-06
ADCYAP1_VIPR1,4.101835467455989e-06
GPHA2_EPHA6,4.083649602854571e-06
WNT11_MUSK,4.047634076268349e-06
ANGPTL4_GPIHBP1,4.025579398442562e-06
NTN1_UNC5A,3.94565589696995e-06
IL36A_IL36RN,3.6042910871724156e-06
CD14_ASGR2,3.1003091721973113e-06
CD14_GPIHBP1,2.9834416032945095e-06
NTN4_UNC5A,2.9491341327059554e-06
APOC3_GPIHBP1,2.0540259050002935e-06
WNT3A_ASGR2,2.050335558743154e-06
SHANK1_TPO,1.9317724897031334e-06
SST_SSTR3,1.3891053160112767e-06
WNT11_KLRG2,1.179138425717159e-06
IFNE_GPIHBP1,1.0548012499558833e-06
CLEC2A_KLRF2,1.0467156985544843e-06
HCRT_HCRTR1,1.0431928809747814e-06
MBL2_ASGR2,1.033149913352533e-06
CRP_ASGR2,9.977560016964508e-07
IFNA14_IFNAR1,0.0
FGF4_FGFR2,0.0
MUC7_SELL,0.0
GREM1_KDR,0.0
IFNA14_IFNAR2,0.0
SCT_ADCYAP1R1,0.0
GNRH2_IFNAR2,0.0
LCN2_FCRL4,0.0
PSAP_CD1B,0.0
INS_FCRL4,0.0
SCT_VIPR1,0.0
NTF4_NTRK2,0.0
QRFP_IFNAR2,0.0
FGF4_FGFR3,0.0
MUC7_FCRL4,0.0
LCN2_LRP1,0.0
FGF21_FGFR3,0.0
INS_PTPRS,0.0
INS_RYR1,0.0
GALP_IFNAR2,0.0
NMB_BRS3,0.0
DKK4_LRP6,0.0
FGF21_KLB,0.0
CCL15_IFNAR2,0.0
GNRH2_GNRHR,0.0
GALP_GALR1,0.0
GUCA2B_GUCY2D,0.0
SCT_GPR84,0.0
NMS_NMUR2,0.0
NMS_NMUR1,0.0
NMS_GRM7,0.0
NTF3_NTRK2,0.0
NTF3_NTRK1,0.0
FGF21_FGFR2,0.0
GALP_GALR3,0.0
RSPO4_LGR5,0.0
CCL15_IFNAR1,0.0
SCT_ADRB3,0.0
NTF4_NTRK1,0.0
INS_LILRB1,0.0
INS_SORL1,0.0
ARTN_GFRA3,0.0
B2M_CD1B,0.0
AMH_AMHR2,0.0
AMH_ACVR1,0.0
RSPO4_LGR4,0.0
AMH_EGFR,0.0
INS_LRP1,0.0
UTS2_UTS2R,0.0
INS_ITGB2,0.0
FGF21_FCRL4,0.0
PPY_IFNAR2,0.0
INS_LDLR,0.0
AVP_FCRL4,0.0
PPY_GRM7,0.0
LACRT_FCRL4,0.0
CCL20_CCR6,0.0
GAL_GALR3,0.0
GAD1_GRM4,0.0
WNT7B_FZD10,0.0
DHH_PTCH1,0.0
DHH_BOC,0.0
DHH_CDON,0.0
DHH_PTCH2,0.0
EDN3_EDNRB,0.0
EDN3_KEL,0.0
REN_ATP6AP2,0.0
UCN2_IL10RB,0.0
UCN2_CRHR2,0.0
UCN2_CRHR1,0.0
IL9_IL2RG,0.0
CCL20_GRM7,0.0
LACRT_SSTR2,0.0
FGF18_FGFR3,0.0
LACRT_CD151,0.0
GHRH_IFNAR1,0.0
GHRH_IFNAR2,0.0
LEFTY2_ACVR1B,0.0
LEFTY2_ACVR2B,0.0
TSHB_IFNAR2,0.0
TSHB_IFNAR1,0.0
LACRT_EGFR,0.0
LACRT_ERBB4,0.0
LACRT_ITGB2,0.0
LACRT_ITGB5,0.0
LACRT_ITGB7,0.0
LACRT_ITGB3,0.0
LACRT_CD36,0.0
LACRT_TLR4,0.0
LACRT_SDC3,0.0
IL9_IL9R,0.0
FGF18_FGFR2,0.0
PPY_NPY2R,0.0
PF4_AR,0.0
CXCL3_CXCR2,0.0
NLGN2_NRXN1,0.0
NLGN2_MDGA1,0.0
CXCL3_GRM7,0.0
DEFB4A_TLR4,0.0
DEFB1_IFNAR2,0.0
PF4_GRM7,0.0
PF4_FGFR2,0.0
PF4_LRP1,0.0
PF4_LDLR,0.0
PF4_THBD,0.0
PF4_SDC2,0.0
PF4_PROCR,0.0
DEFB1_IFNAR1,0.0
DEFB1_CCR6,0.0
PF4_FCRL4,0.0
PF4_SORL1,0.0
PTH_LRP6,0.0
PF4_TLR4,0.0
PTH_ADRB3,0.0
UCN2_IFNAR2,0.0
PTH_GPR84,0.0
PTH_ADCYAP1R1,0.0
PTH_VIPR1,0.0
UCN2_IFNAR1,0.0
FGF18_FCRL4,0.0
PTH_IFNAR2,0.0
PTH_IFNAR1,0.0
PTH_FCRL4,0.0
GH2_GHR,0.0
IZUMO1_CD9,0.0
WNT7A_FZD10,0.0
CSHL1_GHR,0.0
NPTX1_NPTXR,0.0
MSTN_ACVR2B,0.0
FGF6_FCRL4,0.0
LACRT_SDC1,0.0
VTN_ITGA3,0.0
CXCL6_GRM7,0.0
AVP_ADRB3,0.0
AVP_GPR84,0.0
AVP_ADCYAP1R1,0.0
TNFSF18_TNFRSF18,0.0
OBP2A_OR1G1,0.0
AVP_VIPR1,0.0
RGMA_NEO1,0.0
RGMA_HFE,0.0
RGMA_TFR2,0.0
FGF6_FGFR2,0.0
FGF6_FGFR3,0.0
WNT6_FZD4,0.0
AVP_LDLR,0.0
IFNA7_IFNAR2,0.0
CXCL6_CXCR2,0.0
AVP_OXTR,0.0
TSHB_ADRB3,0.0
VTN_ITGB3,0.0
PPY_NPY5R,0.0
PPY_NPY1R,0.0
IL25_IL17RB,0.0
VTN_ITGB5,0.0
VTN_ITGA8,0.0
VTN_CD47,0.0
CCL15_CCR1,0.0
CCL15_CCR3,0.0
VTN_KDR,0.0
VTN_ITGA2B,0.0
TSLP_IL7R,0.0
VTN_TNFRSF11B,0.0
VTN_ITGB8,0.0
VTN_ITGB6,0.0
AVP_AVPR1A,0.0
IFNA7_IFNAR1,0.0
QRFP_QRFPR,0.0
GDF10_ACVR1B,0.0
FGF4_FCRL4,0.0
VTN_FCRL4,0.0
CXCL6_IFNAR2,0.0
TSHB_VIPR1,0.0
TSHB_ADCYAP1R1,0.0
SCGB3A2_MARCO,0.0
AVP_HLA-F,0.0
AVP_AR,0.0
AVP_SORL1,0.0
AVP_IFNAR1,0.0
AVP_IFNAR2,0.0
AVP_CALCR,0.0
AVP_DPP4,0.0
AVP_LRP1,0.0
AVP_GRM7,0.0
TSHB_GPR84,0.0
VTN_ITGAX,0.0
VTN_SDC3,0.0
VTN_CD36,0.0
GHRH_ADRB3,0.0
SCT_IFNAR2,0.0
SCT_IFNAR1,0.0
SCT_FCRL4,0.0
PSPN_GFRA4,0.0
AMH_FCRL4,0.0
GHRH_GPR84,0.0
GHRH_ADCYAP1R1,0.0
VTN_ITGB7,0.0
GHRH_VIPR1,0.0
GHRH_GHRHR,0.0
EDN2_EDNRB,0.0
EDN2_KEL,0.0
VTN_ERBB4,0.0
VTN_ITGB2,0.0
NLGN2_NRXN2,0.0
