HEBP1_GRM7,0.0041095087661093006
DCN_EGFR,0.017106622162287845
DCN_ERBB4,0.0008805098282649453
GRN_TNFRSF1A,0.7443380585529107
GRN_SORT1,0.18808602389812695
GRN_TNFRSF1B,0.40129257709707405
GRN_CLEC4M,0.0
GRN_EGFR,0.4445079514570054
UTS2_UTS2R,0.0
ICAM3_CLEC4M,0.0
ICAM3_ITGB2,0.005960253442680749
ICAM3_CD209,0.04198351541361049
ICAM3_ITGAD,0.0
CEACAM1_CD209,0.016102277023885125
CEACAM1_SELE,0.0
CEACAM1_EGFR,0.02847351279739229
FGF4_FGFR2,0.0
FGF4_FGFR3,0.0
NTN1_UNC5D,7.100695342172363e-05
NTN1_DCC,7.087101185333818e-05
NTN1_UNC5A,7.091869662020529e-05
NTN1_ADORA2B,0.0004965851604502257
NTN1_UNC5C,0.00042579255699995325
NTN1_NEO1,0.0014901711267350803
SCT_ADCYAP1R1,0.0
SCT_VIPR1,0.0
SCT_ADRB3,0.0
SCT_GPR84,0.0
FGF20_FGFR3,0.0
FGF20_FGFR2,0.0015895018054903323
DLL3_NOTCH2,0.0
DLL3_NOTCH3,0.0
VCL_ITGB5,0.09185176082441203
EFNA2_EPHA7,0.0
EFNA2_EPHA10,0.0
EFNA2_EPHA3,0.0
EFNA2_EPHA6,0.0
EFNA2_EPHA4,0.0
EFNA2_EPHA2,0.0
MADCAM1_ITGA4,0.0
MADCAM1_ITGB7,0.0
TCN2_CNR1,0.0076613548807376464
LGALS1_PTPRC,0.21275971743037345
NID2_COL13A1,0.0024876504460726568
RSPO4_LGR4,0.0021970374333368497
RSPO4_LGR5,0.0013319767158043569
OXT_AVPR1A,0.0
OXT_OXTR,0.0
TIMP1_FGFR2,0.18370702102889455
MMP2_PECAM1,0.027715150671067505
MMP2_SDC2,0.04511927495500559
CCL17_CCR4,0.00020885522945367438
CCL17_CCR8,0.0
DKK4_LRP6,0.0
LHB_LHCGR,0.0
LHB_VIPR1,0.0
LHB_ADCYAP1R1,7.285121185490028e-05
LHB_GPR84,0.0
LHB_ADRB3,0.0
AMH_EGFR,0.0
AMH_ACVR1,0.0
AMH_AMHR2,0.0
COMP_CD36,0.0
COMP_ITGB3,0.0
LAMB1_ITGA7,0.012330602874083375
LAMB1_ITGA2,0.023192484608514488
LAMB1_ITGA3,0.005713716593735534
WNT16_FZD6,0.0
PDAP1_PDGFRB,0.3271969843426986
C5_GRM7,0.0008476141352102826
C5_C5AR2,0.004838245022611755
C5_C5AR1,0.007276642813303019
WNT3_RYK,0.0
WNT3_ROR2,0.0
WNT3_FZD5,0.0
WNT3_LRP6,0.0
CCL2_CCR4,0.00343694081527233
CCL2_CCR1,0.0061000022709952915
CCL2_CCR10,0.016580685834093643
CCL2_CCR3,0.004138621094411377
COL1A1_CD93,0.001501942139262367
COL1A1_DDR2,0.031050820533534404
COL1A1_ITGA11,0.025522789082594612
COL1A1_ITGA2,0.021278026577475535
COL1A1_CD36,0.015086168362706173
COL1A1_DDR1,0.010586641631286446
EFNB3_RHBDL2,0.0019926567349562844
EFNB3_EPHA4,0.0006432518927288216
EFNB3_EPHB2,0.0006423578387916336
EFNB3_EPHB6,0.000715224479075144
VTN_ITGB5,0.0031273059996499066
VTN_ITGA8,0.0017709874780169762
VTN_CD47,0.005035786139857234
VTN_KDR,8.16641208096039e-05
VTN_ITGA2B,0.00010526357704413291
VTN_TNFRSF11B,0.0018956527640386146
VTN_ITGB8,0.0016578379330575495
VTN_ITGB6,0.0
VTN_ITGB3,0.0019660212620981462
VTN_ITGA3,0.0006317414780203519
CXCL6_CXCR2,0.0008224227499161563
CXCL6_GRM7,8.716179959969813e-05
IL2_IL2RG,0.0
IL2_CD53,0.0
APOC3_LDLR,0.0
APOC3_SDC2,0.0
APOC3_LRP1,0.0
KITLG_KIT,0.0004913953332697411
CLEC2B_KLRF1,0.0
IL23A_IL12RB1,0.012315327906963762
IL23A_IL12RB2,0.0011840954284782193
FGF6_FGFR2,0.0
FGF6_FGFR3,0.0
IL26_IL10RB,0.0028441624817420706
IL26_IL20RA,7.539077002006648e-05
IFNG_IFNGR2,0.009109802902482658
IFNG_IFNGR1,0.009086907367090412
GNB3_GABBR2,0.00021470288027416055
ULBP1_KLRK1,0.0023745037422663227
LAMA4_ITGA3,0.0211752386979445
HBEGF_CD82,0.19500458303874277
HBEGF_ERBB2,0.10630032154830546
HBEGF_EGFR,0.1579571430733598
HBEGF_ERBB4,0.007726220925596917
HBEGF_CD9,0.19167085780319426
LTF_LRP1,0.0
TFPI_LRP1,0.050606567620399175
TFPI_F3,0.035106260239337134
WNT6_FZD4,0.003082999620991635
ANGPTL1_TEK,0.0002896145099580106
TGFB3_ITGB6,0.0
TGFB3_ITGB3,0.006196410445859582
TGFB3_TGFBR2,0.009827041210275276
TGFB3_ITGB5,0.009014745595967141
IFNA7_IFNAR2,0.0
IFNA7_IFNAR1,0.0
IAPP_RAMP1,0.05505059289683678
IAPP_CALCR,0.0
IAPP_GPR84,0.0
IAPP_ADRB3,0.0
IAPP_ADCYAP1R1,0.007186702305830142
IAPP_VIPR1,0.0
TNFSF10_TNFRSF11B,0.13129996115804465
TNFSF10_TNFRSF10B,0.23580927469738094
TNFSF10_TNFRSF10D,0.0981371669472241
TNFSF10_RIPK1,0.11443379182511179
EREG_ERBB3,0.06361667651156007
EREG_ERBB4,0.011157034652757624
EREG_EGFR,0.20497130256931018
EREG_ERBB2,0.1431929181821673
EFNB2_EPHB2,0.0006553444708186755
EFNB2_EPHA4,0.0006587610999373509
EFNB2_EPHA6,0.0
EFNB2_EPHA3,0.0010261548559501543
EFNB2_EPHB6,0.0007338681166523493
EFNB2_PECAM1,0.00207076737083081
EFNB2_RHBDL2,0.0020167234459804576
EFNB2_GRM1,7.149880522990428e-05
BMP4_BMPR1A,0.0
BMP4_LRP6,0.0
PSPN_GFRA3,0.0
PSPN_SDC3,0.0
PSPN_GFRA4,0.0
TNFSF9_TNFRSF9,0.03332702929132075
C3_CD46,0.2321883688182283
C3_ITGAX,0.0492971880661908
C3_CR1,0.07437763936784973
C3_ITGAM,0.004777902862811078
C3_C5AR2,0.02843978144961931
C3_LRP1,0.3375791932326242
C3_GRM7,0.005488631031234177
C3_ITGB2,0.012759481857856445
VASP_CXCR2,0.03613671711103165
DLL4_NOTCH3,0.0024323165141868575
DLL4_NOTCH2,0.0035407226594058837
TPH1_HTR7,0.0
TPH1_HTR1A,0.0
TPH1_HTR1D,0.0
TPH1_HTR2C,0.0
TPH1_HTR2B,0.0
TPH1_HTR4,0.0
TPH1_HTR6,0.0
APOE_SORL1,0.04890761682145647
APOE_SCARB1,0.09788369653563815
APOE_LRP4,0.030171933964653178
APOE_LDLR,0.309057493964486
APOE_LRP8,0.059469014934581545
APOE_LRP6,0.15970930136652953
APOE_SDC2,0.35290174069249103
APOE_LRP1,0.514813420245136
NCAN_SDC3,0.0
BST2_LILRA4,0.011128743236550394
F12_CD93,0.0003347686044593816
F12_GP1BA,0.00171557205526308
CRP_CR1,0.0
TSHB_VIPR1,0.0
TSHB_ADCYAP1R1,0.0
TSHB_GPR84,0.0
TSHB_ADRB3,0.0
DSC1_DSG3,0.035066293432401086
LACRT_SDC1,0.001722304236987826
GDF11_BMPR1A,0.006743990624554683
GDF11_ACVR1B,0.005359119452435097
GDF11_ACVR2B,0.0014959004895558755
IL1RN_IL1R1,0.1905809411241377
IL36A_IL36RN,0.0
CCL21_GRM7,8.381549181292382e-05
CCL21_CCR7,0.00040027329898932454
MMP7_CD151,0.0026102135930083795
MMP7_SDC1,0.0017744126899403203
MMP7_ERBB4,0.00014263011396353377
THBS1_ITGA4,0.07850027907670365
THBS1_LRP1,0.26054210678550405
THBS1_SDC1,0.10050441265981122
THBS1_ITGB3,0.07907078946006586
THBS1_CD36,0.07259373202931074
THBS1_SCARB1,0.05034533056493473
THBS1_ITGA2B,0.004241490794398363
THBS1_TNFRSF11B,0.07644773323881271
THBS1_CD47,0.2029017636599994
THBS1_ITGA3,0.025391742665742473
MSTN_ACVR2B,0.0
VWF_LRP1,0.012627965634423526
VWF_ITGB3,0.004603134337296412
VWF_GP1BA,0.001819393633469472
VWF_ITGA2B,0.00022257958561929962
VWF_TNFRSF11B,0.0038146983770261742
VWF_SELP,0.0
VWF_SCARA5,0.0041251250719179285
VWF_STAB2,0.0002130131112497639
VWF_SIRPA,0.005279353106914651
CDH1_KLRG1,0.05493346684326155
CDH1_ITGAE,0.13085076115598254
CDH1_PTPRM,0.09046389200822982
CDH1_ERBB3,0.0551739055622298
CDH1_ITGB7,0.020130984886835696
CDH1_EGFR,0.16791821669306184
TIMP2_ITGA3,0.03483284685703361
IL1A_IL1R1,0.04370548139993613
IL1B_IL1R1,0.21061625895075536
IL1B_SIGIRR,0.16347855588202248
IL7_IL7R,0.010115633996058663
IL7_IL2RG,0.0040849990060965015
CKLF_CCR4,0.005421280908342727
CKLF_LRP6,0.1231959508298852
FARP2_PLXNA1,0.05267811196723353
FARP2_PLXNA3,0.030080607675278218
LAMC2_CD151,0.13714812716564034
LAMC2_ITGA2,0.11168160809211276
LAMC2_COL17A1,0.0
LAMC2_ITGA3,0.027097660130615073
NID1_ITGA3,0.009100840897178792
NID1_ITGB3,0.027651160961441126
NID1_COL13A1,0.020410053839814202
NMU_GRM7,0.0
NMU_NMUR1,0.0
NMU_NMUR2,0.0
FGF2_SDC3,0.020288107880950125
FGF2_SDC2,0.04292266033795517
FGF2_SDC1,0.02571050101827554
FGF2_FGFR3,0.0
FGF2_FGFR2,0.022372931090268073
FGF2_GPC4,0.02462216492881484
FGF10_FGFR2,0.0
OLFM2_ROBO2,0.0002918499509697073
F13A1_ITGA9,0.010431437469473738
F13A1_ITGA4,0.11960112867467196
KNG1_ITGAM,0.0005770385897766596
KNG1_SDC2,0.023914876910496468
KNG1_CD93,0.0011615608510076906
KNG1_GP1BA,0.004849993616455576
KNG1_GRM7,0.000590741412197981
KNG1_ITGB2,0.0012158439802598029
KNG1_BDKRB1,0.008938542403597784
KNG1_RXFP4,0.0
EGF_FSHR,0.0
EGF_AXL,0.151671483947892
EGF_EGFR,0.0828099168106809
EGF_ERBB4,0.00496977908778567
EGF_ERBB2,0.05999780962813849
EGF_RHBDL2,0.06983373483918394
EGF_LDLR,0.10996220810904012
EGF_ERBB3,0.027421029156973586
WNT2_FZD4,0.0
WNT2_FZD2,0.0
WNT2_LRP6,0.0
WNT2_FZD5,0.0
WNT2_FZD3,0.0
WNT2_FZD9,0.0
NPTX2_NPTXR,0.0014018607654748007
GAL_GALR1,0.0
GAL_GALR3,0.0
GAL_GRM7,0.00021679618444785028
ADAM2_ITGB7,0.0002915818186632141
ADAM2_CD9,0.00250839667115221
ADAM2_ITGA9,0.0001447182374569288
ADAM28_ITGA4,0.1225819278241119
INHBE_ACVR2B,0.011083775141474296
DHH_PTCH1,0.0
DHH_BOC,0.0
DHH_CDON,0.0
DHH_PTCH2,0.0
NPFF_NPFFR1,0.0
NPFF_NPFFR2,0.005208937232564459
FGF7_FGFR2,0.003068586193540118
FGF7_FGFR3,0.0
MFGE8_PDGFRB,0.06905514198392118
MFGE8_ITGB3,0.02991356942806194
CGN_F11R,0.0022481490224667486
CGN_TGFBR2,0.0024555369535658278
REN_ATP6AP2,0.0
GDF7_BMPR1A,0.0
CALM2_SELL,0.055621355843625084
CALM2_EGFR,0.41095958421260304
CALM2_GRM7,0.012559018889286275
CALM2_TRPC5,0.0
CALM2_CACNA1C,0.25813383911129195
CALM2_KCNQ3,0.008557241045910727
CALM2_MYLK,0.36562594857672814
CALM2_PDE1A,0.08529472824942626
CALM2_PDE1C,0.1013636440746834
CALM2_GP6,0.1911190269461307
CALM2_AQP6,0.25249269717901224
CALM2_SCN10A,0.0
CALM2_AQP1,0.11584455843165015
CALM2_SCN4A,0.009985101969800536
NXPH2_NRXN1,0.0
UCN2_IL10RB,0.003119675745583159
UCN2_CRHR2,0.0
UCN2_CRHR1,7.356435979344717e-05
SFRP2_FZD5,0.0004897190725399951
IL9_IL2RG,0.0
IL9_IL9R,0.0
FGF18_FGFR3,0.0
FGF18_FGFR2,0.0
LIN7C_HTR2C,0.0
LIN7C_KCNJ4,0.0
SERPING1_SELP,0.0
SERPING1_SELE,0.0
GPHA2_EPHA6,0.0
IL18_IL18R1,0.03570959190145434
IL18_IL18BP,0.07817879779736238
IL18_IL18RAP,0.0
PTH_LRP6,0.0
PTH_ADRB3,0.0
PTH_GPR84,0.0
PTH_ADCYAP1R1,0.0
PTH_VIPR1,0.0
BMP3_ACVR2B,0.01317040550273321
BMP3_BMPR1A,0.055673305092137464
WNT3A_LGR5,0.0006918445644818387
WNT3A_LRP1,0.0044821851548845285
WNT3A_LRP6,0.0017767740644713925
WNT3A_FZD6,0.001292844091877869
WNT3A_FZD2,0.002590985494344133
WNT3A_FZD5,0.00043931101616416463
WNT3A_RYK,0.0007379953364566733
WNT3A_ATP6AP2,0.003957947432949237
WNT3A_FZD3,0.002234421565505221
APP_FPR2,0.0
APP_RPSA,0.3893988151267017
APP_TNFRSF21,0.05854512283977252
APP_AGER,0.009403425678297394
APP_PTGER2,0.07071149566202158
APP_APLP2,0.25810563067551995
APP_LRP6,0.1051925601306036
APP_SORL1,0.029552872490316504
APP_LRP1,0.2969718557297431
APP_NOTCH2,0.2399424982065509
APP_GRM7,0.004876128449743108
APP_DCC,0.003948922471720696
WNT7A_LDLR,0.0
WNT7A_LRP6,0.0
WNT7A_FZD5,0.0
WNT7A_FZD10,0.0
WNT7A_FZD9,0.0
DKK2_LRP6,0.008860375187187724
WIF1_RYK,0.0
CXCL13_CXCR5,0.00014239468431427653
CXCL13_CCR10,0.0002851839691673458
CXCL13_GRM7,7.118902438048437e-05
GDF6_BMPR1A,0.001491313580046236
NODAL_ACVR1B,0.0
NODAL_ACVR2B,0.0
NODAL_SMAD3,0.0
NODAL_ACVR1C,0.0
SST_SSTR2,0.0
SST_SSTR3,0.0
SST_GRM7,0.0
CALM3_AR,0.0759989188395866
CALM3_SCN4A,0.0064337909210732645
CALM3_AQP1,0.06674177683555427
CALM3_AQP6,0.16485643095991825
CALM3_GP6,0.12575596844959458
CALM3_SCN10A,0.0
CALM3_PDE1C,0.058778558135031814
CALM3_PDE1A,0.05027511814628505
CALM3_KCNQ3,0.005948047750735241
CALM3_MYLK,0.20941709528195807
CALM3_CACNA1C,0.1667754877256483
CALM3_TRPC5,0.0
CALM3_SELL,0.031069656176316917
CALM3_GRM7,0.007309410208455742
CALM3_EGFR,0.24002394289163625
TFF1_FCRL4,0.0
S100A1_AGER,0.0029396467007577263
S100A1_TRPM3,0.004617471567534581
S100A1_RYR1,0.0
S100A1_TLR4,0.01887621853445283
SCGB3A1_NOTCH3,0.0
SCGB3A1_MARCO,0.0
HCRT_HCRTR1,0.0
HCRT_NPFFR2,0.0
SHANK1_SSTR2,0.0012838070476325104
WNT1_FZD9,0.0
WNT1_FZD3,0.0
WNT1_ROR2,0.0
WNT1_RYK,0.0
WNT1_FZD5,0.0
WNT1_LRP6,0.0
NTN3_NEO1,0.0
NTN3_CDON,0.0
FGF19_KLB,0.0
FGF19_FGFR2,0.0
FGF19_FGFR3,0.0
DRAXIN_DCC,0.0
ARPC5_LDLR,0.44994298077974326
TGFA_ERBB3,0.009874753281298986
TGFA_ERBB2,0.02218123979486509
TGFA_EGFR,0.03166976628819493
TGFA_ERBB4,0.0017360730693722647
COL6A3_ITGA2,0.01283630541703444
CXCL3_CXCR2,0.030381624382356802
CXCL3_GRM7,0.003656761995675696
CXCL5_GRM7,0.0005577194064870004
CXCL5_CXCR2,0.004433298848299443
PPBP_CXCR2,0.0018079656717191327
PPBP_GRM7,0.00023623819880807362
PF4_GRM7,9.48550323514765e-05
PF4_FGFR2,0.001646377695248209
PF4_LRP1,0.00589799381625093
PF4_LDLR,0.0037861787016995564
PF4_THBD,0.001904951154238391
PF4_SDC2,0.004081160286970291
PF4_PROCR,0.004094199694957706
UCN_CRHR2,0.0
UCN_CRHR1,0.00015279170647138752
LIPH_LPAR1,0.006673823705515319
LIPH_LPAR2,0.0004328580322350679
CAMP_EGFR,0.0
CAMP_FPR2,0.0
IL15_IL15RA,0.09706784822599114
IL15_IL2RG,0.024758181726613857
SCGB3A2_MARCO,0.0
IL3_CSF2RB,0.0
IL3_IL3RA,0.0
COL1A2_ITGA2B,0.0007158852034199496
COL1A2_ITGA2,0.01919858917371455
COL1A2_CD93,0.0013573745248817372
COL1A2_ITGA11,0.02315961997086143
COL1A2_ITGB3,0.014478274220097008
COL1A2_CD36,0.013638251057139401
DEFB1_CCR6,0.012362277330432691
ARF6_SMAP1,0.17216359478435148
JAM3_ITGB2,0.00014517409241376756
HSP90B1_LRP1,0.669288246440735
HSP90B1_ERBB2,0.23374358047339217
HSP90B1_TLR4,0.128262804267121
HSP90B1_ASGR1,0.0
HSP90B1_TLR9,0.018177378414310164
COL6A2_ITGA2,0.0064613529077754365
ANGPTL4_GPIHBP1,0.0
ANGPTL4_TIE1,0.0
FADD_FAS,0.05751612159749524
DEFB4A_TLR4,0.0
CD14_TLR4,0.15929579186188586
CD14_TLR6,0.22214311605541798
CD14_RIPK1,0.20977395060200685
CD14_ITGB2,0.03494506013402257
CD14_ITGA4,0.26130851538939887
CD14_TLR9,0.021701879370964558
COL3A1_DDR2,0.028062054274793097
COL3A1_DDR1,0.009550663384917822
COL3A1_ITGA2,0.01917502625605718
NLGN2_MDGA1,0.001799291861473814
NLGN2_NRXN1,0.0
NLGN2_NRXN2,0.001521675639028855
BMP1_BMPR1A,0.009538089925844906
FGB_ITGA2B,0.002617511626120464
FGB_TLR4,0.033710171837002485
FGB_ITGAM,0.002576468852131305
FGB_ITGB3,0.05449515325862696
FGB_ITGB2,0.0053078754358956435
FGA_ITGB2,0.0003228239666763188
FGA_ITGAD,0.0
FGA_ITGB3,0.0031529039091300697
FGA_ITGAM,0.00014659177834188357
FGA_TLR4,0.0019470297487664873
FGA_ITGA2B,0.0001544434787343314
FGA_ITGAX,0.0015823504172061366
FGA_CDH5,0.0004351579672854326
CXCL11_GRM7,0.001117937783267152
CXCL11_CCR3,0.0012266060878293671
CXCL11_DPP4,0.016285215326779557
PRND_RPSA,0.38567733037430646
NPTX1_NPTXR,0.0027043676045150466
CCL19_CCR10,0.0012495346777493704
CCL19_GRM7,0.0002878041151889658
CCL19_CCR7,0.001329830212082715
CCL19_CCRL2,0.0
PLG_F2R,0.010253389683811672
PLG_FLT1,0.005134556979399365
PLG_F2RL1,0.00300012490081982
PLG_ITGA9,0.00042904920297886134
PLG_ITGB2,0.00044161692668823584
PLG_ITGAM,0.0002146184478385525
PLG_F3,0.008540843387807065
CSHL1_GHR,0.0
LPL_GPIHBP1,0.0
LPL_LRP1,0.07642612255844834
LPL_SDC1,0.03046706871135292
EFEMP2_PLSCR4,0.014038023529494107
EFEMP2_AQP1,0.003590680178488915
VEGFB_FLT1,0.04104105408823321
GH1_GHR,0.0
GNAI2_C5AR1,0.06670592932667024
GNAI2_LHCGR,0.0
GNAI2_CNR1,0.015278307488110725
GNAI2_CXCR2,0.07825368256957699
GNAI2_EGFR,0.27347363081832926
GNAI2_LPAR3,0.0
GNAI2_ADORA1,0.032330194712975276
GNAI2_ADRA2B,0.0
GNAI2_FPR1,0.0
GNAI2_TBXA2R,0.3140916749161731
GNAI2_EDNRB,0.09062907575058299
GNAI2_ADCY7,0.1454778760460761
GNAI2_F2R,0.4038100077155069
GNAI2_ADCY9,0.12485996756105157
GNAI2_S1PR4,0.0
GNAI2_S1PR1,0.07846144075715766
GNAI2_CHRM1,0.008671918422301089
TLN1_ITGB3,0.17182045953805408
TLN1_ITGB5,0.2578256029258253
TAC1_TACR1,0.0
TAC1_TACR2,0.0
LPA_LPAR3,0.0
LPA_LPAR2,0.0006450099413781323
LPA_LPAR1,0.009688215602451415
LPA_ITGB2,0.0004565765879061911
LPA_ITGAM,0.00021646799142399504
MMP1_ITGA2,0.006935847655831906
LAMA3_ITGA3,0.0005378135366815519
LAMA3_SDC2,0.003329594142764636
SEMA6D_KDR,0.00014564598430696703
SEMA6D_PLXNA1,0.004046364944360058
WNT11_MUSK,0.0004717183608370771
WNT11_KLRG2,0.0
PSEN1_NOTCH3,0.17955355927829147
PSEN1_NOTCH2,0.28289413380824807
BGN_LY96,0.02343630283759507
BGN_TLR4,0.012361412423624492
IZUMO1_CD9,0.0
JAG2_NOTCH2,0.0
JAG2_NOTCH3,0.0
NXPH3_NRXN2,0.0
NXPH3_NRXN1,0.0
CNTN2_CNTN1,0.001114993700661505
CALCA_ADRB3,0.0
CALCA_GPR84,0.0
CALCA_ADCYAP1R1,0.0
CALCA_VIPR1,0.0
CALCA_CALCR,0.0
CALCA_RAMP1,0.0
CALCA_CALCRL,0.0
SLIT3_ROBO2,0.0012816618874582797
SLIT3_ROBO1,0.023831165191352262
GH2_GHR,0.0
FGF3_FGFR2,0.0
FGF3_FGFR3,0.0
GHRL_TBXA2R,0.020595629361097052
GHRL_PTGER3,0.0046033803064995295
GHRL_GHRHR,0.0
GHRL_PTGIR,0.011337038149622253
FGG_ITGB3,0.0
FGG_TLR4,0.0
FGG_ITGA2B,0.0
FGG_ITGB2,0.0
CXCL14_CXCR4,0.00202905044264437
EDN3_KEL,0.0
EDN3_EDNRB,0.0
RTN4_TNFRSF19,0.05463050204969479
RTN4_RTN4RL1,0.005904628524767656
NTN4_DCC,0.0
NTN4_UNC5A,0.0
WNT7B_FZD4,0.21090637858192546
WNT7B_FZD10,0.017463113332610417
WNT7B_TMED5,0.2241034001565178
ICAM4_RHAG,0.0
ICAM4_ITGA4,0.10771577443702182
ICAM4_ITGB2,0.011478679245507798
ICAM4_ITGAM,0.005206286537127621
ICAM4_ITGB3,0.1120107900922208
ICAM4_ITGA2B,0.005488696471583088
HMGB1_TLR9,0.018937156331877945
HMGB1_CD163,0.0
HMGB1_AGER,0.020955216824676666
HMGB1_CXCR4,0.057015197955580035
HMGB1_SDC1,0.2667382845370152
HMGB1_THBD,0.21881394663949896
HMGB1_TLR4,0.1322413081601623
COL18A1_ITGB5,0.023762075678026268
COL18A1_ITGB3,0.016075735527488894
COL18A1_KDR,0.0007356221657258106
COL18A1_ITGA3,0.005299582728282866
COL18A1_GPC4,0.018031466255094556
HP_CD22,0.0006644979767137328
HP_ASGR2,0.0
HP_CD163,0.0
HP_TLR4,0.002452450771409447
HP_ITGAM,0.00017010983462529958
HP_ASGR1,0.0
HP_ITGB2,0.0005130450337945889
RSPO1_LGR4,0.0010807103432941927
RSPO1_LGR5,0.0006518625286445881
RSPO1_LRP6,0.0017205267919726153
RSPO1_ZNRF3,0.0015648583732165587
ADAM15_ITGB3,0.06840307976482546
ADAM15_ITGA9,0.006072085038354995
APOA4_LDLR,0.0
APOA4_LRP1,0.0
GAD1_GRM4,0.00014538434210160795
NLGN3_NRXN1,0.0
NLGN3_NRXN2,0.0021413300946110463
CCL20_CCR6,0.02354259933017384
CCL20_GRM7,0.001131998374541319
PYY_GRM7,0.0
PYY_DPP4,0.0
PYY_NPY5R,0.0
PYY_NPY1R,0.0
PYY_FAP,0.0
PYY_NPY2R,0.0
F8_ASGR2,0.0
F8_LDLR,0.02604237910439453
F8_LRP1,0.03491979753002289
COL4A2_ITGB5,0.028288099310977245
COL4A2_ITGB3,0.019182841513338808
COL4A2_CD93,0.0018006671088288495
CCL28_GRM7,0.002906423021511698
CCL28_CCR10,0.011904990413835985
CCL28_CCR3,0.0029750284960403765
CXCL9_DPP4,0.05171491712217156
CXCL9_CCR3,0.0038826726878670075
CXCL9_GRM7,0.0035590326668439648
CXCL9_FCGR2A,0.012326249269610548
CNTF_CNTFR,0.0
CNTF_EGFR,0.0
THBS2_NOTCH3,0.01503678764802825
THBS2_ITGA4,0.009098782046642537
THBS2_CD47,0.02223291828961554
THBS2_ITGB3,0.009462152104176504
THBS2_CD36,0.008937548987913326
LEFTY2_ACVR2B,0.0003800199519967726
LEFTY2_ACVR1B,0.0013813142620024347
C4BPA_LRP1,0.0
C4BPA_CD40,0.0
VIP_AVPR1A,0.0
VIP_ADRB3,0.0
VIP_GPR84,0.0
VIP_VIPR1,0.0
VIP_ADCYAP1R1,0.0
VIP_RAMP1,0.0
VIP_DPP4,0.0
FASLG_FAS,0.0
FASLG_TNFRSF10B,0.0
FASLG_TNFRSF1A,0.0
APOA2_LDLR,0.01652190481511455
APOA2_LRP1,0.022533563489450875
SEMA4A_PLXNB2,0.18751458254650652
EFNA1_EPHA7,0.0
EFNA1_EPHA10,0.0025755536630030617
EFNA1_EPHA3,0.0011894878092977598
EFNA1_EPHA4,0.0007594015931092559
EFNA1_EPHA6,0.0
EFNA1_EPHB6,0.0008548481806272671
EFNA1_EPHA2,0.0008385197477222136
ADAM12_ITGA9,0.00029883397405875025
S100A8_TLR4,0.07197431333198732
S100A8_CD36,0.10753326596088825
S100A8_ITGB2,0.0154044147543018
S100A8_AGER,0.011577737183989925
NGF_KIDINS220,0.0
NGF_NTRK1,0.0
NGF_TRPV1,0.0
NGF_SORCS3,0.0
NGF_SORT1,0.0
WNT2B_FZD4,0.005315726152336036
COL11A1_ITGA2,0.0
COL11A1_DDR1,0.0
ITGB3BP_ITGB3,0.026061161561318616
ITGB3BP_ITGB5,0.03972406570180251
ANGPTL3_ITGB3,0.0
RBP4_STRA6,0.0
COL5A1_SDC3,0.0043233975858277774
SFTPD_TLR4,0.001179700566334448
SFTPD_SIRPA,0.002258231986254263
SFTPD_LY96,0.002590147608773739
MMP9_TLR9,0.0023578862130125824
MMP9_IFNAR1,0.05365707430104057
MMP9_ITGAM,0.0011777304690770635
MMP9_LRP1,0.08122893655510022
MMP9_EPHB2,0.011456765765040275
MMP9_ITGB2,0.003054429905775386
EDN2_KEL,0.0
EDN2_EDNRB,0.0
ANGPTL2_TIE1,0.0
GHRH_GHRHR,0.0
GHRH_VIPR1,0.0
GHRH_ADCYAP1R1,0.0
GHRH_ADRB3,0.0
GHRH_GPR84,0.0
TNFSF15_TNFRSF25,0.02340579215958862
GDF5_ROR2,0.0
GDF5_ACVR1,0.0
GDF5_BMPR1A,0.0
GDF5_ACVR2B,0.0
EDA_EDAR,0.0003828898779432455
EDA_EDA2R,0.004721386635155514
F10_F3,0.0
F10_ITGAM,0.0
F10_ITGB2,0.0
SYK_LAT,0.036780990340689775
SYK_FCGR2A,0.034003410572802636
FGF14_FGFR2,0.0
FGF14_FGFR3,0.0
HLA-C_LILRA1,0.012928392476454893
HLA-C_LILRB1,0.1359238445050619
HLA-C_CD3G,0.2469626248530243
HLA-C_KIR3DL1,0.0
ANXA1_EGFR,0.3555584099632394
ANXA1_GRM7,0.01085696292267646
ANXA1_FPR1,0.0
ANXA1_FPR2,0.0
ACTR2_LDLR,0.418946282013446
NDP_FZD4,0.010320189693016946
NDP_LGR4,0.004307523791800058
AGRN_LRP4,0.0025268101374584496
AGRN_LRP1,0.0305932745742915
AGRN_ATP1A3,0.000519207590835498
AGRN_MUSK,0.0031460257209422284
INSL3_ADRB3,0.0
INSL3_GPR84,0.0
INSL3_ADCYAP1R1,0.00036972136013135924
INSL3_VIPR1,0.0
AVP_LDLR,0.0
AVP_VIPR1,0.0
AVP_ADCYAP1R1,0.0
AVP_GPR84,0.0
AVP_ADRB3,0.0
AVP_OXTR,0.0
AVP_AVPR1A,0.0
COL2A1_ITGA10,0.0
COL2A1_DDR1,0.0
COL2A1_ITGA2B,0.0
COL2A1_ITGA2,0.0
RLN2_ADRB3,0.0
RLN2_GPR84,0.0
RLN2_ADCYAP1R1,7.197550635272981e-05
RLN2_VIPR1,0.0
RLN2_RXFP3,0.0
RPH3A_NRXN1,0.0
LAMA1_RPSA,0.021909914667189924
LAMA1_ITGA3,0.002123716294650079
LAMA1_NT5E,0.012232000377198234
LAMA1_ITGA2,0.008538658511420842
LAMA1_ITGA7,0.004597966174632437
LAMA1_ITGB8,0.0059164168493042206
LAMA1_SDC2,0.012992044585406901
CCL25_CCR10,0.0
CCL25_GRM7,0.0
LAMB3_ITGA2,0.021603376664007707
LAMB3_CD151,0.029563835351300492
LAMB3_ITGA3,0.005421736243782108
LAMB3_COL17A1,0.0
IL1F10_IL1R1,0.0
CCL8_CCR3,0.001603580489432725
CCL8_CCR1,0.002431064144335035
COL4A6_CD93,0.0
COL4A6_ITGA2,0.0
COL4A6_CD47,0.0
CCL26_CCR1,0.0
CCL26_CCR3,0.0
SPP1_ITGA4,0.15212158259148825
SPP1_ITGB5,0.24871553745777758
SPP1_ITGB3,0.1513713743642998
SPP1_ITGA9,0.012338042894471725
LGALS9_MRC2,0.436493991175007
LGALS9_HAVCR2,0.18719315329336458
LGALS9_SLC1A5,0.34354616198037957
LGALS9_CD47,0.5017871842102355
ADM2_GPR84,0.0
ADM2_ADRB3,0.0
ADM2_VIPR1,0.0
ADM2_ADCYAP1R1,0.004780774224593564
ADM2_CALCR,0.0
ADM2_RAMP1,0.034379906741194094
ADM2_CALCRL,0.03863399860497998
CXCL12_CD4,0.027290699170944628
CXCL12_DPP4,0.05613225043753347
CXCL12_CCR4,0.003543655410794569
CXCL12_GRM7,0.0038624072210560476
CXCL12_CXCR4,0.020307651662582648
CXCL12_AVPR1A,0.025588886167785985
BMP7_ACVR1,0.16229863499473415
BMP7_ACVR2B,0.03049463541650966
BMP7_BMPR1A,0.13029608325600525
COL4A3_ITGA3,0.0004987808021596263
COL4A3_CD47,0.003434468911859887
COL4A3_ITGB3,0.0014977765295230224
COL4A3_CD93,0.000142453538317588
COL4A3_ITGA2,0.002061265180039601
COL4A4_ITGA2,0.006388194871017467
COL4A4_CD93,0.0004511395282752038
COL4A4_ITGB3,0.004808607823898072
COL4A4_CD47,0.011381604598197982
HLA-A_ERBB2,0.30554469110538723
HLA-A_KIR3DL1,0.0
HLA-A_CD3G,0.2445971098252776
HLA-A_LILRA1,0.012769273419392534
HLA-A_APLP2,0.8616426608114767
HLA-A_LILRB1,0.1347788923895614
HLA-A_KIR3DL2,0.0
CNTN4_PTPRG,0.06974881276101126
TCTN1_TMEM67,0.01509657971462087
PDCD1LG2_PDCD1,0.0
TNFSF11_LGR4,0.0010765746909308616
TNFSF11_TNFRSF11B,0.0012332047228150868
TNFSF11_TNFRSF11A,0.0
DSCAM_DCC,7.090411513084099e-05
FBLN2_ITGB3,0.009708495237092683
NXPH1_NRXN1,0.0
NXPH1_NRXN2,0.0007357672956361138
SAA1_FPR2,0.0
SAA1_FPR1,0.0
SAA1_GRM7,8.590989876215504e-05
SAA1_SCARB1,0.0010816518256974513
MDK_SORL1,0.008343052177679808
MDK_SDC3,0.023891751418281346
MDK_SDC1,0.033511230448801346
MDK_LRP1,0.08460602216379165
MDK_ITGA4,0.026631807438465056
TF_TFR2,0.0002243642211519618
TF_HFE,0.001574315974255433
TF_LDLR,0.009740488977110608
ARTN_GFRA3,0.0
PTPN6_CD300LF,0.0
PTPN6_FCRL4,0.0
CLEC2A_KLRF2,0.0
NTF3_NTRK1,0.0
NTF3_NTRK2,0.0
RLN3_RXFP3,0.0
RLN3_RXFP4,0.0
RLN3_GRM7,0.0
RLN3_VIPR1,0.0
RLN3_ADCYAP1R1,0.0
RLN3_GPR84,0.0
RLN3_ADRB3,0.0
TNF_TNFRSF1B,0.11376819064650932
TNF_TNFRSF1A,0.19498853222860402
TNF_RIPK1,0.05870528027646393
TNF_TNFRSF21,0.044687562208292626
TNF_FAS,0.12210531610936248
TNF_PTPRS,0.18146262946553463
TNF_FFAR2,0.07868352175362836
TNF_ICOS,0.003064212613880099
LAMA2_ITGA7,0.009640472362596334
LAMA2_ITGA2,0.018563142018888566
LAMA2_ITGA3,0.004494175974023958
LAMA2_RPSA,0.038738148850986275
HRAS_SDC2,0.018027950608048605
HRAS_GRIN2D,0.0007377992914124944
HRAS_TLR9,0.0007724175100757508
GDNF_EDNRB,0.03895312225433437
GDNF_GFRA3,0.003582434867986595
HLA-G_KIR3DL1,0.0
HLA-G_CD4,0.065672887796274
HLA-G_LILRB1,0.10193539207997958
FSHB_ADCYAP1R1,0.0
FSHB_VIPR1,0.0
FSHB_ADRB3,0.0
FSHB_GPR84,0.0
FSHB_FSHR,0.0
ADM_CALCRL,0.0301402276887216
ADM_RAMP1,0.03245607535293932
ADM_CALCR,0.0
ADM_ADCYAP1R1,0.0032548078981729403
ADM_VIPR1,0.0
ADM_GPR84,0.0
ADM_ADRB3,0.0
PTHLH_ADRB3,0.0
PTHLH_GPR84,0.0
PTHLH_VIPR1,0.0
PTHLH_ADCYAP1R1,0.00014276014461293704
ADCYAP1_ADCYAP1R1,0.0
ADCYAP1_VIPR1,0.0
ADCYAP1_GPR84,0.0
ADCYAP1_ADRB3,0.0
ADCYAP1_DPP4,0.0
CGA_LHCGR,0.0
CGA_ADRB3,0.0
CGA_GPR84,0.0
CGA_VIPR1,0.0
CGA_ADCYAP1R1,0.0004306253301229744
CGA_FSHR,0.0
S100A10_CFTR,0.0
SHANK2_CFTR,0.0
S100A4_ERBB2,0.22826945718163497
S100A4_EGFR,0.35004878146478124
TNFSF13B_CD40,0.1833399566354961
TNFSF13B_TNFRSF13B,0.026587219511938646
LTA_LTBR,0.0034921055557016996
LTA_RIPK1,0.001271857353972315
LTA_TNFRSF1A,0.0037036852525164977
LTA_TNFRSF1B,0.0024678154325926886
NTF4_NTRK1,0.0
NTF4_NTRK2,0.0
FAM3C_GLRA2,0.0
C1QB_C1QBP,0.5192338633574072
C1QB_LRP1,0.7006001127812898
GNRH2_GNRHR,0.00023357227020897608
IL22_IL10RA,0.0
IL22_IL22RA2,0.0
IL22_IL21R,0.0
IL22_IL10RB,0.0
IL10_IL10RB,0.32215104354845436
IL10_IL10RA,0.0
CLEC2D_KLRB1,0.0
PDYN_GRM7,0.0
PODXL2_SELL,0.00034772038909540643
CD34_SELL,0.0002915082927823742
CD34_SELP,0.0
MUC7_SELL,0.0003214828866635304
PODXL_SELL,0.002362857207364353
MICA_KLRK1,0.0041826527975473305
RAET1L_KLRK1,0.0
ULBP2_KLRK1,0.00020289623532152945
RAET1G_KLRK1,7.2867688798537e-05
CD55_CR1,0.10279832862259436
GPC3_LRP1,0.013214775496961016
A2M_LRP1,0.457950177602936
SERPINA1_LRP1,0.7273210164506769
SERPINE2_LRP1,0.09829161501748632
MMP13_LRP1,0.008779771096161895
HPX_LRP1,0.004369915987921751
LIPC_LRP1,0.0
PSAP_LRP1,1.0
PSAP_SORT1,0.20586174061148257
PSAP_GPR37,0.011713437335575975
PSAP_CD1B,0.01095098537385826
PSAP_AR,0.1307433757339735
ASIP_MC4R,0.00015152645575619014
ASIP_MC5R,0.00016820741886379418
ASIP_MC2R,0.0019374332748499895
ASIP_F11R,0.004871832821662285
ASIP_MC1R,0.0016240594836032854
ASIP_ATRN,0.00392258094692794
ASIP_MC3R,0.00020391126089524495
SFTPA2_CD93,0.0
MBL2_CD93,0.0
MBL2_CALCR,0.0
C1QA_CR1,0.11406606081094403
C1QA_CD93,0.017316810901369276
C1QA_CSPG4,0.15593433818072228
IGFL1_IGFLR1,0.0
IGFL3_IGFLR1,0.0014421804270207982
GSTP1_EGFR,0.3640465218535096
GALP_GALR3,0.0
GALP_GALR1,0.0
NTNG2_LRRC4,0.00014240277846948605
NTNG2_LRRC4C,0.0005823256093916464
GUCA2B_GUCY2D,0.0
NMS_NMUR2,0.0
NMS_NMUR1,0.0
NMS_GRM7,0.0
VEGFC_FLT1,0.0
VEGFC_CCBE1,0.0
VEGFC_ITGA9,0.0
VEGFC_KDR,0.0
DSC3_DSG3,0.0773734767377184
PDGFA_PDGFRA,0.04868254478563458
PDGFA_PDGFRB,0.04220076789299958
FGF21_FGFR3,0.0
FGF21_FGFR2,0.0
FGF21_KLB,0.0
NMB_GRPR,0.0018822730143131304
NMB_BRS3,0.0
B2M_HLA-F,0.662388722891097
B2M_CD1B,0.011417863169817424
B2M_LILRB1,0.14376984812607202
B2M_CD247,0.0
B2M_HFE,0.11001271533493256
B2M_KIR3DL1,0.0
B2M_KLRC2,0.016597148728904713
B2M_CD3G,0.2631727695586316
EDIL3_ITGB5,0.002239838069296375
CP_SLC40A1,0.01569765503404815
SOSTDC1_LRP6,0.0
DKK1_LRP6,0.001987578615264512
HSPA1A_GRIN2D,0.011612752468230347
HSPA1A_TLR4,0.08957990069175913
IL27_IL27RA,0.008946902884391494
PROS1_AXL,0.0895380354711025
PROS1_TYRO3,0.019217931049722626
INS_LILRB1,0.0
GREM1_KDR,0.0
NRG1_ERBB3,0.007812868099575666
NRG1_LGR4,0.011398797153347915
NRG1_ERBB2,0.01802033825760143
NRG1_EGFR,0.026569854323863898
NRG1_ERBB4,0.001329689303653651
SLIT2_SDC1,0.0055969132061920385
SLIT2_DCC,0.00021360058471209112
SLIT2_ROBO4,0.0011224580076035064
SLIT2_ROBO1,0.008314172526157331
SLIT2_ROBO2,0.00043695008683853427
NPPA_NPR1,0.005664012171725533
PGF_FLT1,0.005397974297187828
NCAM1_ROBO1,0.0026291296851306744
NCAM1_CACNA1C,0.0018454281327993285
NCAM1_FGFR2,0.0014901513827186431
NRG3_ERBB3,0.0007838678980209674
NRG3_ERBB4,0.00014202153459838405
NRG3_ERBB2,0.0017156181549346332
AREG_EGFR,0.11075775132303164
AREG_ERBB3,0.030572522295994747
NRG2_ERBB3,0.0016347256370164232
NRG2_ERBB4,0.0002885937491045394
NRG2_ERBB2,0.0036592121795878266
SEMA4D_ERBB2,0.11012234028377568
SEMA4D_PLXNB2,0.19433728613562512
IFNA14_IFNAR2,0.0
IFNA14_IFNAR1,0.0
IFNA10_IFNAR2,0.0
IFNA10_IFNAR1,0.0
IFNA8_IFNAR1,0.0034430509564503725
IFNA8_IFNAR2,0.002008891439713289
IFNE_IFNAR2,0.0
IFNE_IFNAR1,0.0
IFNA21_IFNAR1,0.0
IFNA21_IFNAR2,0.0
IL24_IL20RA,0.00015598755601737175
IL24_IL10RB,0.005943827675023783
PTPN11_FCRL4,0.0
EFEMP1_EGFR,0.010145311451616594
FGL1_EGFR,0.0
ANG_EGFR,0.03744709990549271
CXCL2_DPP4,0.07114406083038029
CXCL2_CXCR2,0.040089894630760514
CXCL2_GRM7,0.004866669146507126
CXCL2_XCR1,0.0
CXCL1_GRM7,0.0027202708960559602
CXCL1_CXCR2,0.02554320014665717
PPY_GRM7,8.33660046380547e-05
PPY_NPY2R,0.0
PPY_NPY5R,0.00018079530694345297
PPY_NPY1R,0.0007070634495141497
IL25_IL17RB,0.00014820183899892625
IFNL3_IL10RB,0.0
CCL3_CCR4,0.00843122352839003
CCL3_CCR1,0.014710688082184118
CCL3_CCR3,0.010382234133988226
FGF12_FGFR2,0.0030033078111874113
FGF12_FGFR3,0.0
CGB5_LHCGR,0.0
CCL15_CCR1,0.00014211736230799836
CCL15_CCR3,7.155962022884971e-05
CCL23_CCR1,0.00016005711426637868
CCL18_CCR8,0.0
CCL18_CCR1,0.0006799979940999887
CCL18_CCR3,0.0004837999942358304
LTBP3_ITGB5,0.04049124553029633
MST1_MST1R,0.0009774521444595396
CHAD_ITGA2,0.0
NUCB2_ERAP1,0.08685407727114128
FAT4_DCHS1,0.0017115729035486198
CD86_CD28,0.053287431693939104
ACE2_SLC6A19,0.0
TSLP_IL7R,0.0
CER1_MRC2,0.0
CD200_CD200R1,0.0004982910573721453
C4B_CR1,0.006116335415236748
C4B_CD46,0.016927793258283898
IL19_IL20RA,0.00022362500138076532
EDN1_EDNRB,0.0025487803709379558
EDN1_KEL,0.0014483379260079813
SEMA4B_DCBLD2,0.02139629716256755
PTMA_VIPR1,0.0
TNFSF18_TNFRSF18,0.0
OBP2A_OR1G1,0.0
F7_F3,0.0027872280113319823
RGMA_NEO1,0.0016006474802613717
RGMA_HFE,0.0005557155808176276
RGMA_TFR2,7.901548288240167e-05
WNT5B_KLRG2,0.0
CD5L_CD5,0.0
GSTO1_RYR1,0.0
ANGPT4_TIE1,0.0
ANGPT4_TEK,0.0
IRAK4_TLR6,0.18154258588712213
IRAK4_TLR4,0.11199532644836127
COLQ_MUSK,0.0029219629892208903
QRFP_QRFPR,0.0
GDF10_ACVR1B,0.0
GRN_FCRL4,0.0
ICAM3_LRP1,0.15701766248846805
ICAM3_LDLR,0.10145521414893645
ICAM3_SORL1,0.01538789885225038
ICAM3_RYR1,0.0
ICAM3_PTPRS,0.12405834616583335
ICAM3_FCRL4,0.0
CEACAM1_FCRL4,0.0
FGF4_FCRL4,0.0
SCT_IFNAR2,0.0
SCT_IFNAR1,0.0
SCT_FCRL4,0.0
FGF20_FCRL4,0.0
DLL3_LRP1,0.0
TCN2_ITGB2,0.010261321230347908
TCN2_ITGAM,0.0036689469642545436
TCN2_FCRL4,0.0
LGALS1_ITGB2,0.029695086847134747
LGALS1_ITGB3,0.23040018498102102
LGALS1_FCRL4,0.0
NID2_ITGA2,0.004345862016111305
NID2_PTPRS,0.008372176352230832
MMP2_FCRL4,0.0
CCL17_IFNAR2,0.005305097151683473
CCL17_IFNAR1,0.008649550661807965
AMH_FCRL4,0.0
COMP_FCRL4,0.0
LAMB1_ITGAM,0.0008044486501007705
LAMB1_ITGB8,0.016045864505162072
LAMB1_DDR2,0.03315537790032434
LAMB1_ITGA11,0.02724088320691757
LAMB1_DDR1,0.011450166176176552
LAMB1_CD47,0.04051458043012759
LAMB1_LRP8,0.0072682528193992214
LAMB1_CD46,0.03412697265578219
LAMB1_COL17A1,0.0
CCL2_IFNAR2,0.08693993466598615
CCL2_IFNAR1,0.1446682057530277
COL1A1_ITGB5,0.02361192876898586
COL1A1_ITGB3,0.016004080717241135
COL1A1_ITGB8,0.014737756974806544
COL1A1_CD47,0.037854513046754565
COL1A1_ITGAX,0.007943465433677707
COL1A1_CD151,0.028093106865721376
COL1A1_COL17A1,0.0
COL1A1_GPC4,0.0179275161178922
COL1A1_ITGA3,0.0052792359494802125
COL1A1_ITGA10,0.005316558769945037
VTN_ERBB4,0.00015148881170995397
VTN_ITGB2,0.00024822015391447254
VTN_ITGB7,0.00035167619701086366
VTN_CD36,0.0018060978103627903
VTN_SDC3,0.0017132030481073499
VTN_ITGAX,0.0008427467834131974
VTN_FCRL4,0.0
CXCL6_IFNAR2,0.0020752625976349264
APOC3_ITGB2,0.0
APOC3_ITGB5,0.0
APOC3_ITGAM,0.0
APOC3_ITGB3,0.0
APOC3_ITGB6,0.0
APOC3_ITGB8,0.0
APOC3_SDC1,0.0
APOC3_ITGA2,0.0
APOC3_ITGA2B,0.0
APOC3_TLR4,0.0
APOC3_LRP8,0.0
APOC3_GPIHBP1,0.0
APOC3_ITGA3,0.0
APOC3_FCRL4,0.0
CLEC2B_IFNAR2,0.15236605516140303
CLEC2B_IFNAR1,0.2598653573113417
FGF6_FCRL4,0.0
IL26_IFNAR2,0.0018709576956330851
ULBP1_IFNAR2,0.05759911284561649
LAMA4_ITGB8,0.060129985106509576
LAMA4_ITGA2,0.08709014633740714
HBEGF_FCRL4,0.0
LTF_ITGB2,0.0
LTF_ITGAM,0.0
LTF_LDLR,0.0
LTF_LRP8,0.0
LTF_RYR1,0.0
LTF_FCRL4,0.0
TFPI_ITGB2,0.001828491089396104
TFPI_ITGAM,0.00086614207660772
TFPI_ITGB8,0.01729556108900756
TFPI_SDC1,0.021361158387640515
TFPI_LDLR,0.03844953790856544
TFPI_LRP8,0.007813134028904772
TFPI_SORL1,0.005336149908068625
TFPI_RYR1,0.0
TFPI_FCRL4,0.0
CD160_IFNAR2,0.0
CD160_IFNAR1,0.0
TGFB3_FCRL4,0.0
IAPP_IFNAR2,0.187459110410377
IAPP_IFNAR1,0.3252166042403328
IAPP_FCRL4,0.0
TNFSF10_FCRL4,0.0
C3_ITGB3,0.10838574048296191
C3_SDC1,0.13377540687440115
C3_LDLR,0.22152591532891996
C3_LRP8,0.04359570581380962
C3_SORL1,0.03330600071884017
C3_RYR1,0.0
C3_FCRL4,0.0
DLL4_LRP1,0.0040783658595570345
APOE_ITGB2,0.01992116949971917
APOE_ITGB5,0.24681646057307144
APOE_ITGAM,0.00646343575393925
APOE_ITGB8,0.1272854116258734
APOE_SDC1,0.1968342980489846
APOE_TLR4,0.09377893981023637
APOE_TRPM3,0.026340762283440115
APOE_RYR1,0.0
APOE_FCRL4,0.0
APOE_ASGR2,0.0
F12_NOTCH2,0.009149313744250563
F12_NOTCH3,0.005559536895634002
F12_COL13A1,0.0028024925097221895
F12_LRP1,0.011480752888210327
F12_LDLR,0.007463192271386929
F12_PTPRS,0.009121286593619991
CRP_ITGB2,0.0
CRP_LRP1,0.0
CRP_ITGAM,0.0
CRP_LDLR,0.0
CRP_TLR6,0.0
CRP_TLR4,0.0
CRP_LRP8,0.0
CRP_SORL1,0.0
CRP_LRP4,0.0
CRP_STAB2,0.0
CRP_TRPM3,0.0
CRP_RYR1,0.0
CRP_ASGR2,0.0
TSHB_IFNAR2,0.0
TSHB_IFNAR1,0.0
LACRT_EGFR,0.002365548842605989
LACRT_ERBB4,0.00014198928655543888
LACRT_ITGB2,0.00014462345125548787
LACRT_ITGB5,0.0021531217403547567
LACRT_ITGB7,0.0002853047209816463
LACRT_ITGB3,0.0015011100049016196
LACRT_CD36,0.0014278230180454028
LACRT_TLR4,0.0009289074227353488
LACRT_SDC3,0.0013563613403773927
LACRT_CD151,0.0025183007288794453
LACRT_SSTR2,0.0012804211247637132
LACRT_FCRL4,0.0
IL1RN_IFNAR2,0.13201846519511112
IL36A_IFNAR2,0.0
IL36A_IFNAR1,0.0
CCL21_IFNAR2,0.0020129107457256636
CCL21_IFNAR1,0.0034485568692734876
MMP7_ITGB2,0.00015161196966796635
MMP7_ITGB5,0.002218839127670071
MMP7_ITGB3,0.001532472401558018
MMP7_SDC3,0.0013804334853472929
MMP7_FCRL4,0.0
THBS1_ERBB4,0.006068337405429209
THBS1_ITGB2,0.010024609946192111
THBS1_ITGB5,0.125993142634683
THBS1_ITGB7,0.014128426657582974
THBS1_ITGAM,0.0033729827954104845
THBS1_ITGB6,0.0
THBS1_ITGB8,0.06652996336744875
THBS1_ITGA7,0.05628551965873742
THBS1_ITGA2,0.09487212953207762
THBS1_CD93,0.007143206453072688
THBS1_ITGA8,0.07134897376092827
THBS1_SDC3,0.06885812072748726
THBS1_ITGAX,0.033766787088472035
THBS1_CD151,0.1564921150454732
THBS1_MUSK,0.02314826135746303
THBS1_FCRL4,0.0
VWF_ITGB2,0.000456109864149556
VWF_ITGB5,0.006668497175976582
VWF_TPO,0.0
VWF_ITGAM,0.00021641028784918266
VWF_ITGB8,0.004321601845303814
VWF_SDC1,0.0053327370548487
VWF_ITGA2,0.006254983508885316
VWF_LDLR,0.009604185434171835
VWF_LRP8,0.0019520149208924963
VWF_CD46,0.008954988379538788
VWF_ITGA3,0.0015275220708463244
VWF_NT5E,0.008358370284488657
TIMP2_ITGB2,0.011740173161685215
TIMP2_ITGB5,0.1603678120752804
TIMP2_ITGAM,0.004811899197942625
TIMP2_ITGB3,0.10636763418070058
TIMP2_ITGB8,0.09563786463514579
TIMP2_CD36,0.09955204549486299
TIMP2_SDC1,0.12810698830541276
TIMP2_SDC3,0.09450606850831399
TIMP2_FCRL4,0.0
CKLF_TLR4,0.07036011931923745
LAMC2_ITGA11,0.1252337854578692
LAMC2_CD47,0.1874304016717419
NID1_ITGB2,0.0029337394657707964
NID1_ITGB5,0.04107111413763573
NID1_ITGAM,0.00126948816969646
NID1_ITGB8,0.025277824344071817
NID1_ITGA2,0.03646064170505282
FGF2_EGFR,0.035327675335424066
FGF2_ITGB5,0.03214036270440875
FGF2_ITGB3,0.022441980835411206
FGF2_KDR,0.0010656499828450672
FGF2_SSTR2,0.019178141590928715
FGF2_ITGA9,0.0021321861650842803
FGF2_FCRL4,0.0
FGF2_F2RL1,0.014920044685442656
FGF10_FCRL4,0.0
F13A1_ITGB2,0.014841303433390088
F13A1_ITGB5,0.19032280716735211
F13A1_ITGAM,0.005248648311357169
F13A1_ITGB3,0.12113666939486108
F13A1_SDC3,0.10604619936688985
F13A1_FCRL4,0.0
EGF_LRP1,0.14130075441368004
EGF_SORL1,0.015069951834397834
EGF_FCRL4,0.0
WNT2_FCRL4,0.0
ADAM2_ITGB2,0.0001544211333470031
ADAM2_ITGB5,0.002245255441777188
ADAM2_ITGB3,0.0015450790944755615
ADAM2_FCRL4,0.0
LUM_ITGB2,0.0012206846492269676
LUM_FCRL4,0.0
FGF7_FCRL4,0.0
CALM2_FCRL4,0.0
UCN2_IFNAR2,0.0019941820423172115
UCN2_IFNAR1,0.0034229010451238915
FGF18_FCRL4,0.0
SERPING1_FCRL4,0.0
GPHA2_FCRL4,0.0
TNFSF4_IFNAR2,0.007979190257245018
PTH_IFNAR2,0.0
PTH_IFNAR1,0.0
PTH_FCRL4,0.0
WNT3A_LDLR,0.003295887126227791
WNT3A_ITGAX,0.0007925405143854523
WNT3A_SORL1,0.0004654429241974013
WNT3A_SCARB1,0.0009893339140139461
WNT3A_RPSA,0.0052218692246646424
WNT3A_TNFRSF21,0.0009272256739243897
WNT3A_AR,0.0008745982211036589
WNT3A_TFR2,7.62822194213967e-05
WNT3A_CFTR,0.0
WNT3A_PTGER2,0.0010974901354507487
WNT3A_APLP2,0.0038196879996206046
WNT3A_FCRL4,0.0
WNT3A_ASGR2,0.0
APP_LDLR,0.19874510040994078
APP_AR,0.050484273416644
APP_TRPM3,0.015460326075397204
APP_CFTR,0.0
APP_FCRL4,0.0
APP_ASGR2,0.0
CXCL13_IFNAR2,0.0017776414048132994
CXCL13_IFNAR1,0.0031262692711093248
CALM3_SORT1,0.1085755259243541
CALM3_ITGA4,0.14223283802531905
CALM3_LRP1,0.4442076309416799
CALM3_FZD2,0.23061841304974431
CALM3_FZD6,0.11969392103913444
CALM3_LRP6,0.15816030570915549
CALM3_RYK,0.06538009572627707
CALM3_TNFRSF11B,0.13186476122650714
CALM3_LDLR,0.29855658326357853
CALM3_TLR4,0.08951407229912756
CALM3_IFNAR1,0.29523342682051046
CALM3_ITGAX,0.06761554612948346
CALM3_SORL1,0.044288448012495985
CALM3_SCARB1,0.09168448182791353
CALM3_PTK7,0.19768501215173176
CALM3_FZD3,0.19075363543684162
CALM3_RPSA,0.5796372148066383
CALM3_TNFRSF21,0.08775899707989425
CALM3_TRPM3,0.023141959789313757
CALM3_GAS1,0.08638090408817818
CALM3_TFR2,0.007092788065676512
CALM3_CFTR,0.0
CALM3_PTGER2,0.10589980266767429
CALM3_PDGFRA,0.3998404479307788
CALM3_APLP2,0.385745122878676
CALM3_MCAM,0.1252113123729742
CALM3_ENPEP,0.037579642104502035
CALM3_FCRL4,0.0
CALM3_GPR37,0.006521161487494568
CALM3_ASGR2,0.0
TFF2_FCRL4,0.0
TFF1_ITGB2,0.00017520676843179957
TFF1_ITGAM,7.500141283961514e-05
TFF1_SDC1,0.0019503424634261714
TFF1_LPAR1,0.003630287955881032
TFF1_LPAR2,0.0002203196311140997
TFF1_LPAR3,0.0
TFF1_C1QBP,0.0032075041041969036
TFF1_XCR1,0.0
S100A1_ITGB2,0.003209632795588379
S100A1_LRP1,0.08747887253970218
S100A1_ITGAM,0.0014102776603328814
S100A1_LRP8,0.01276470902115808
S100A1_SORL1,0.00902500891466667
S100A1_ASGR2,0.0
SCGB3A1_FCRL4,0.0
SHANK1_PLXNA1,0.0019411179245603838
SHANK1_NOTCH2,0.0035434688926474834
SHANK1_NOTCH3,0.00243323938146241
SHANK1_ITGB5,0.0021719244992755185
SHANK1_COL13A1,0.0010847897321337038
SHANK1_LRP1,0.00408278032680169
SHANK1_TPO,0.0
SHANK1_ITGAM,7.146744422825295e-05
SHANK1_ITGB8,0.001428303090792742
SHANK1_SDC1,0.0017372132697206497
SHANK1_ITGA7,0.0010784131129876287
SHANK1_ITGA2,0.002069243814080418
SHANK1_CD93,0.00014338173728210073
SHANK1_DDR2,0.0028304579880115595
SHANK1_ITGA11,0.002323311827599163
SHANK1_DDR1,0.0010051022310847728
SHANK1_CD47,0.003476555870420867
SHANK1_ITGA2B,7.244441265281945e-05
SHANK1_LDLR,0.003157574070406551
SHANK1_LRP8,0.0006438914811726147
SHANK1_CD46,0.0029059803255641527
SHANK1_ITGAX,0.0007823892558106592
SHANK1_LRP4,0.000356206035868217
SHANK1_BCAM,0.00021436721896311278
SHANK1_STAB2,7.092946820667296e-05
SHANK1_COL17A1,0.0
SHANK1_GPC4,0.0016617167876445006
SHANK1_PTPRB,0.0014937537042078427
SHANK1_RYR1,0.0
SHANK1_PTPRS,0.003807691739506728
SHANK1_ATP1A3,7.180440509798289e-05
SHANK1_CFTR,0.0
SHANK1_ITGA3,0.0005022753692306296
SHANK1_NT5E,0.00269990973750674
SHANK1_ROBO4,0.00035870328667892125
SHANK1_CSPG4,0.001290464914603542
SHANK1_ITGA10,0.0005030060563360243
WNT1_FCRL4,0.0
FGF19_FCRL4,0.0
ARPC5_ITGB2,0.027587610693923112
ARPC5_LRP1,0.7202343998627371
ARPC5_ITGAM,0.009544865430259314
ARPC5_SDC1,0.27975550949011874
ARPC5_LRP8,0.08748093637258683
ARPC5_FCRL4,0.0
COL6A3_DDR2,0.018956377868837204
COL6A3_ITGA11,0.015585379655005694
COL6A3_DDR1,0.006415544811347708
COL6A3_COL17A1,0.0
CXCL5_IFNAR2,0.012647873233263114
PPBP_IFNAR2,0.005304181760000025
PF4_TLR4,0.001140558180574879
PF4_SORL1,0.0005763890198363122
PF4_AR,0.0009414258583717407
PF4_FCRL4,0.0
LIPH_ITGB2,0.00031672824858928
LIPH_CNR1,0.00029444812631868446
LIPH_ITGAM,0.00014583813184399234
LIPH_SDC1,0.003649517489688227
LIPH_LPAR3,0.0
LIPH_C1QBP,0.005754566486710654
LIPH_FCRL4,0.0
CAMP_FCRL4,0.0
COL1A2_ERBB4,0.0012976885158965436
COL1A2_ITGB2,0.0015173749222858106
COL1A2_ITGB5,0.02140705750949156
COL1A2_ITGAM,0.0006676581413932291
COL1A2_ITGB8,0.013301538271866161
COL1A2_SDC1,0.017109537070726936
COL1A2_SDC3,0.012950456650459248
COL1A2_ITGAX,0.0071589947214136945
COL1A2_CD151,0.02550242884499094
COL1A2_COL17A1,0.0
COL1A2_GPC4,0.01624298953504775
COL1A2_ITGA3,0.004772495883328953
COL1A2_FCRL4,0.0
DEFB1_IFNAR2,0.013251428004015797
DEFB1_IFNAR1,0.022299514574905952
JAM3_ITGAM,7.128831115411991e-05
JAM3_FCRL4,0.0
HSP90B1_EGFR,0.35108474576123117
HSP90B1_ERBB4,0.01662891073474203
HSP90B1_ITGB2,0.02552023313155874
HSP90B1_ITGB5,0.328020887630176
HSP90B1_ITGA4,0.20633079937836818
HSP90B1_ITGB7,0.03773408229864022
HSP90B1_SDC2,0.46244806945739747
HSP90B1_ITGAM,0.009075905772949807
HSP90B1_LRP6,0.22265393114750445
HSP90B1_ITGB3,0.20910843184810893
HSP90B1_ITGB6,0.0
HSP90B1_ITGB8,0.17942872550300734
HSP90B1_CD36,0.19305643227922764
HSP90B1_SDC1,0.26176473644085074
HSP90B1_C5AR1,0.08170262940039943
HSP90B1_ITGA8,0.18577255971209117
HSP90B1_ITGA2B,0.011027789659525099
HSP90B1_TNFRSF11B,0.1972315059486296
HSP90B1_LDLR,0.42532557134245247
HSP90B1_SELP,0.0
HSP90B1_LRP8,0.08305067984732323
HSP90B1_SDC3,0.18316555561446654
HSP90B1_ITGAX,0.0923375877306496
HSP90B1_SORL1,0.06512412825303139
HSP90B1_RYR1,0.0
HSP90B1_MUSK,0.06099618468737142
HSP90B1_CFTR,0.0
HSP90B1_FCRL4,0.0
HSP90B1_ASGR2,0.0
CD14_EGFR,0.4503468507766297
CD14_ERBB4,0.01890914573044964
CD14_SORT1,0.19032261451348945
CD14_ITGB5,0.4253729124183143
CD14_ITGB7,0.04589143652311338
CD14_SDC2,0.612409251438531
CD14_ITGAM,0.010827884166004914
CD14_LRP6,0.26858430458054905
CD14_ITGB3,0.26077717006477946
CD14_ITGB6,0.0
CD14_ITGB8,0.21278937113945778
CD14_CD36,0.237367575553539
CD14_SDC1,0.3391224650417479
CD14_C5AR1,0.09748608597195299
CD14_ITGA8,0.24085357672943886
CD14_ITGA2B,0.014348197740737152
CD14_TNFRSF11B,0.261520320415402
CD14_LDLR,0.5232933558142694
CD14_SELP,0.0
CD14_F3,0.6055503528478989
CD14_CALCR,0.0
CD14_LRP8,0.09991735779112666
CD14_SDC3,0.2250698533950249
CD14_ITGAX,0.10558485913825685
CD14_SSTR2,0.18550828886955573
CD14_GPIHBP1,0.0
CD14_MUSK,0.0767638526017338
CD14_CD40,0.2869992922856167
CD14_NTRK1,0.03801780233816286
CD14_CD79A,0.09090497069942492
CD14_PDGFRA,0.7873296299310021
CD14_ITGA9,0.02145429040082964
CD14_FCRL4,0.0
CD14_ASGR2,0.0
COL3A1_CD93,0.0013546333193497392
COL3A1_ITGA11,0.023067488157287437
COL3A1_CD47,0.034199893021714625
COL3A1_COL17A1,0.0
COL3A1_ITGA10,0.004797037396353365
FGB_ITGB5,0.07846620325557253
FGB_ITGB8,0.051485442892481026
FGB_CD36,0.05177199625410967
FGB_SDC1,0.06275925338338528
FGB_LDLR,0.1139110379818882
FGB_SDC3,0.049178390795466875
FGB_FCRL4,0.0
FGA_ITGB5,0.004621989508754886
FGA_SDC1,0.003694968960286496
FGA_LDLR,0.006554569089469304
FGA_SDC3,0.0028283798069931184
FGA_FCRL4,0.0
CXCL11_IFNAR2,0.02579348406302121
CXCL11_IFNAR1,0.042936146468118996
CCL19_IFNAR2,0.006716185213388557
CCL19_IFNAR1,0.011273690772818314
PLG_ITGB5,0.006532211066637337
PLG_LRP1,0.01228919978139949
PLG_SDC1,0.00522467344175178
PLG_LDLR,0.009486871528467309
PLG_SDC3,0.004095767305826391
PLG_FCRL4,0.0
LEP_ITGAM,0.0024329940877700416
LEP_FCRL4,0.0
GNAI2_IFNAR2,0.1980235431475436
GNAI2_IFNAR1,0.33692391601096483
GNAI2_AR,0.08683889761775038
GNAI2_TFR2,0.008085221314485662
GNAI2_HFE,0.057029290243917924
GNAI2_FCRL4,0.0
DEFB103A_IFNAR2,0.001961101680791271
DEFB103A_IFNAR1,0.0033775853647158407
TAC1_IFNAR2,0.0
TAC1_IFNAR1,0.0
LPA_SDC1,0.005336217084731852
LPA_FCRL4,0.0
MMP1_ITGB2,0.0006901287230411835
MMP1_ITGB5,0.008869122126954843
MMP1_ITGAM,0.0002453433013064782
MMP1_ITGB3,0.005653341526352808
MMP1_ITGB8,0.004850312209497438
MMP1_SDC1,0.0070776506372152714
MMP1_CD93,0.0005148510289126308
MMP1_FCRL4,0.0
LAMA3_ITGB2,0.000174511180800665
LAMA3_ITGAM,7.491541358986439e-05
LAMA3_ITGB8,0.0014913099096157025
LAMA3_SDC1,0.0019451559570435543
LAMA3_ITGA2,0.0021503829156661078
PSEN1_LRP1,0.34504322944689614
PSEN1_LDLR,0.238060421767608
PSEN1_SORL1,0.03480456699990494
PSEN1_FCRL4,0.0
BGN_SELP,0.0
BGN_CALCR,0.0
P4HB_TLR6,0.17077367227749893
P4HB_LRP8,0.07451292756959974
P4HB_TRPM3,0.031208543783924195
JAG2_LRP1,0.0
CALCA_IFNAR2,0.0
CALCA_IFNAR1,0.0
CALCA_FCRL4,0.0
FGF3_FCRL4,0.0
FGG_ITGB5,0.0
FGG_ITGAM,0.0
FGG_ITGB8,0.0
FGG_CD36,0.0
FGG_SDC1,0.0
FGG_SDC3,0.0
FGG_FCRL4,0.0
COL9A3_FCRL4,0.0
ICAM4_ITGB5,0.1642539215412566
ICAM4_SDC2,0.22263494556379881
ICAM4_ITGB8,0.103823425628719
ICAM4_CD36,0.10579516165457623
ICAM4_SDC1,0.1313088058843104
ICAM4_LDLR,0.23283637263765744
ICAM4_TLR4,0.0691685207690772
ICAM4_SDC3,0.10047096037993648
ICAM4_FCRL4,0.0
HMGB1_EGFR,0.3587630075778021
HMGB1_ITGB2,0.025582717782232305
HMGB1_SDC3,0.18938819875832297
HMGB1_FCRL4,0.0
COL18A1_ITGB2,0.0016834684435394012
COL18A1_ITGB8,0.014773830466987034
COL18A1_CD36,0.015144470260209068
COL18A1_SDC3,0.014380772240793904
COL18A1_ITGAX,0.007952951169170063
COL18A1_CD151,0.028303103535001543
COL18A1_FCRL4,0.0
HP_LRP1,0.013303264781838745
HP_SDC1,0.005113313299024779
HP_LDLR,0.008094324324768159
HP_FCRL4,0.0
ADAM15_ITGB5,0.10463214629168549
ADAM15_FCRL4,0.0
APOA4_ITGB2,0.0
APOA4_COL13A1,0.0
APOA4_ITGAM,0.0
APOA4_ITGA2,0.0
APOA4_LRP8,0.0
APOA4_STAB2,0.0
APOA4_FCRL4,0.0
PYY_IFNAR2,0.0
F8_ITGB2,0.001269565553670094
F8_TPO,0.0
F8_ITGAM,0.0005836804775877047
F8_ITGA2,0.016834949478847956
F8_LRP8,0.005272092762211401
F8_SORL1,0.0036500642933996667
F8_LRP4,0.0028870548696848905
F8_STAB2,0.0005687720328283586
F8_RYR1,0.0
CCL28_IFNAR2,0.07130008602276285
CCL28_IFNAR1,0.12393483818466942
CNTF_FCRL4,0.0
THBS2_ITGB2,0.0009692385230897407
THBS2_ITGB5,0.013873177559944471
THBS2_ITGAM,0.0004398701167687298
THBS2_ITGB8,0.008772024196366987
THBS2_SDC1,0.011090623048340902
THBS2_ITGA2,0.012675859857599555
THBS2_CD93,0.0008905838548206142
THBS2_ITGA2B,0.0004635780801666349
THBS2_ITGAX,0.00474750669214065
THBS2_ITGA3,0.003127703653636166
THBS2_FCRL4,0.0
C4BPA_ITGB2,0.0
C4BPA_LDLR,0.0
C4BPA_LRP8,0.0
C4BPA_SORL1,0.0
C4BPA_RYR1,0.0
C4BPA_PTPRS,0.0
C4BPA_FCRL4,0.0
VIP_IFNAR2,0.0
VIP_IFNAR1,0.0
VIP_FCRL4,0.0
APOA2_ITGB2,0.00082379734834135
APOA2_COL13A1,0.005828619504868232
APOA2_ITGAM,0.0003685487847853064
APOA2_ITGA2,0.010610054419861003
APOA2_LRP8,0.0033330299400917518
APOA2_STAB2,0.00035590200683707107
APOA2_FCRL4,0.0
ADAM12_ITGB2,0.00034868603138085556
ADAM12_ITGB3,0.0032689651804531845
ADAM12_FCRL4,0.0
S100A8_LRP1,0.3974366984601736
S100A8_SDC2,0.2721968933881878
S100A8_ITGAM,0.004944891213639512
S100A8_LDLR,0.23702329670775998
S100A8_F3,0.2688990046247558
S100A8_CALCR,0.0
S100A8_IFNAR1,0.23206800810545963
S100A8_SORL1,0.037653950498993
S100A8_RYR1,0.0
S100A8_CD40,0.12677385204397482
S100A8_CD79A,0.04043265144480175
S100A8_FCRL4,0.0
COL11A1_DDR2,0.0
COL11A1_ITGA11,0.0
COL11A1_COL17A1,0.0
COL11A1_ITGA10,0.0
SFTPD_LRP6,0.0020373865615379056
MMP9_ITGB5,0.04061976657664122
MMP9_SDC2,0.05653943245884392
MMP9_ITGB3,0.026488618087966445
MMP9_ITGB8,0.023356409709669228
MMP9_CD36,0.024649134891811194
MMP9_SDC1,0.032433966995725635
MMP9_LDLR,0.054285147534797795
MMP9_TLR4,0.016285280921426358
MMP9_LRP8,0.010729298009467885
MMP9_SDC3,0.023394096229077108
MMP9_SORL1,0.00807841580897652
MMP9_RYR1,0.0
MMP9_CD79A,0.008430610772528827
MMP9_FCRL4,0.0
GHRH_IFNAR2,0.0
GHRH_IFNAR1,0.0
F10_FCRL4,0.0
FGF14_FCRL4,0.0
HLA-C_RYK,0.1169300194115383
HLA-C_FZD3,0.3122692220152528
HLA-C_TFR2,0.014029131809323768
HLA-C_FCRL4,0.0
ANXA1_FCRL4,0.0
ACTR2_ITGB2,0.024245210704264816
ACTR2_LRP1,0.6407962436767924
ACTR2_ITGAM,0.0090249471853153
ACTR2_SDC1,0.2535456917674528
ACTR2_LRP8,0.08237433236816084
ACTR2_FCRL4,0.0
AGRN_ITGB2,0.001112514885349356
AGRN_ITGAM,0.0005109238013104896
AGRN_ITGB8,0.010192766407445094
AGRN_ITGA2,0.014735366900347848
AGRN_LRP8,0.004615141430008239
AGRN_FCRL4,0.0
INSL3_IFNAR2,0.009943697037272561
INSL3_IFNAR1,0.017077226808661923
AVP_GRM7,0.0
AVP_LRP1,0.0
AVP_DPP4,0.0
AVP_CALCR,0.0
AVP_IFNAR2,0.0
AVP_IFNAR1,0.0
AVP_SORL1,0.0
AVP_AR,0.0
AVP_HLA-F,0.0
AVP_FCRL4,0.0
COL2A1_ITGB8,0.0
COL2A1_CD93,0.0
COL2A1_DDR2,0.0
COL2A1_ITGA11,0.0
COL2A1_CD47,0.0
COL2A1_COL17A1,0.0
RLN2_IFNAR2,0.0018500215304408736
RLN2_IFNAR1,0.003225420383416901
LAMA1_ITGB2,0.0006764346807663242
LAMA1_ITGB5,0.009533485960834417
LAMA1_ITGAM,0.00029698988828224854
LAMA1_SDC1,0.007619492982816587
LAMA1_CD93,0.0006039700206080004
LAMA1_ITGA11,0.010316437783868598
LAMA1_CD47,0.015286591632060535
LAMA1_ITGA2B,0.0003188320694074286
LAMA1_LRP8,0.0026882120523142737
LAMA1_CD46,0.01293669639116301
LAMA1_COL17A1,0.0
LAMA1_ROBO4,0.001515490705745905
CCL25_IFNAR2,0.0
CCL25_IFNAR1,0.0
LAMB3_ITGA11,0.026794919043516014
LAMB3_CD47,0.03957072105173901
CCL8_IFNAR2,0.0341988154532695
CCL8_IFNAR1,0.05721487986026298
COL4A6_DDR2,0.0
COL4A6_ITGA11,0.0
COL4A6_DDR1,0.0
COL4A6_COL17A1,0.0
COL4A6_ITGA10,0.0
CCL26_IFNAR2,0.0
CCL26_IFNAR1,0.0
SPP1_EGFR,0.2627930267431563
SPP1_ERBB4,0.010773850919549507
SPP1_ITGB2,0.02062918406132464
SPP1_ITGB7,0.026509285699403827
SPP1_SDC2,0.3594275610253667
SPP1_LRP6,0.15489850982575823
SPP1_ITGB6,0.0
SPP1_TLR4,0.0923923072375478
SPP1_SDC3,0.13027372359068956
SPP1_SSTR2,0.10638367911686945
SPP1_FCRL4,0.0
LGALS9_LDLR,0.4063185183581259
LGALS9_ITGAX,0.08874001916812496
LGALS9_SORL1,0.061944579304399006
LGALS9_FCRL4,0.0
ADM2_IFNAR2,0.12102141306870981
ADM2_IFNAR1,0.21208941635363512
ADM2_FCRL4,0.0
CXCL12_VIPR1,0.0
CXCL12_ADRB3,0.0
CXCL12_GPR84,0.0
CXCL12_IL2RG,0.02049485944766164
CXCL12_F3,0.16525680562132042
CXCL12_FZD4,0.12387876671155143
CXCL12_IFNAR2,0.08956414208132288
CXCL12_IFNAR1,0.14964529526575646
CXCL12_CD40,0.07696937531271011
CXCL12_HFE,0.026168016250631372
CXCL12_CD79A,0.0249408652180544
CXCL12_FCRL4,0.0
CXCL12_LILRB1,0.03842286438852502
COL4A3_ITGB8,0.0014221074546612097
COL4A3_DDR2,0.0027930404985436956
COL4A3_ITGA11,0.0022921150957380012
COL4A3_DDR1,0.0009978044255350845
COL4A3_COL17A1,0.0
COL4A4_ITGB8,0.004425044254635352
COL4A4_DDR2,0.009337695328195821
COL4A4_ITGA11,0.007675553658725319
COL4A4_DDR1,0.003180370914184995
COL4A4_COL17A1,0.0
SAA1_FCRL4,0.0
MDK_ERBB4,0.0022242466021329906
MDK_ITGB2,0.0031989069541301317
MDK_ITGB5,0.04197837416476037
MDK_ITGB7,0.004939177689730013
MDK_SDC2,0.05872117190749908
MDK_ITGAM,0.0011955929456488935
MDK_LRP6,0.029223932164830407
MDK_ITGB3,0.02713698820460764
MDK_ITGB6,0.0
MDK_ITGB8,0.023682821492100114
MDK_CD36,0.02517668088563421
MDK_ITGA8,0.023776131934226258
MDK_ITGA2B,0.0014095570503166246
MDK_TNFRSF11B,0.02503225336071052
MDK_TLR4,0.016669159209116182
MDK_ITGAX,0.012329665474375336
MDK_CD151,0.05131520157378831
MDK_MUSK,0.007890549979562358
MDK_ITGA3,0.00880788092336848
MDK_FCRL4,0.0
MDK_ASGR2,0.0
TF_ITGB2,0.00047294877776090147
TF_LRP1,0.013021567618063471
TF_ITGAM,0.00021849217354177452
TF_FCRL4,0.0
CLEC2A_IFNAR2,0.0
TNF_LDLR,0.14827487971968745
TNF_FCRL4,0.0
LAMA2_ITGAM,0.0006406551024398188
LAMA2_DDR2,0.025192493911116453
LAMA2_ITGA11,0.020674999871777885
LAMA2_DDR1,0.008990992123028646
LAMA2_CD47,0.030972229438939618
LAMA2_LRP8,0.005769172765793692
LAMA2_CD46,0.0258525611098366
LAMA2_COL17A1,0.0
HRAS_FCRL4,0.0
COL9A3_ITGB2,0.0
COL9A3_ITGAM,0.0
COL9A3_SDC1,0.0
ADM_IFNAR2,0.09725727728285458
ADM_IFNAR1,0.1615661393499271
ADM_FCRL4,0.0
PTHLH_IFNAR2,0.003616135313088839
PTHLH_IFNAR1,0.006335898350628363
ADCYAP1_IFNAR2,0.0
ADCYAP1_IFNAR1,0.0
ADCYAP1_FCRL4,0.0
S100A4_FCRL4,0.0
GNRH2_IFNAR2,0.0020937493009431547
CLEC2D_IFNAR2,0.11454442381104757
CLEC2D_IFNAR1,0.19976111653858347
PODXL2_FCRL4,0.0
CD34_FCRL4,0.0
MUC7_FCRL4,0.0
PODXL_FCRL4,0.0
RAET1L_IFNAR2,0.0
ULBP2_IFNAR2,0.004063548254901522
GPC3_ITGB2,0.0004812145155290398
GPC3_ITGAM,0.00021951411127453982
GPC3_LDLR,0.009807396461097047
GPC3_LRP8,0.001983456484568143
GPC3_FCRL4,0.0
A2M_LRP8,0.05472171783217618
A2M_STAB2,0.005135477527095922
SERPINA1_LRP8,0.08743550672161389
SERPINA1_STAB2,0.008240973239095084
SERPINE2_LRP8,0.013344061129613644
SERPINE2_STAB2,0.001359923717981585
MMP13_LRP8,0.0013206926626976464
MMP13_STAB2,0.0001422224985714068
HPX_LRP8,0.0006592763524043574
HPX_STAB2,7.109942894550084e-05
LIPC_LRP8,0.0
LIPC_STAB2,0.0
PSAP_ASGR1,0.0
PSAP_LDLR,0.5660060961198612
PSAP_ITGAX,0.11092226751751147
PSAP_SORL1,0.0927526042014167
PSAP_LRP4,0.052927613026353466
PSAP_SCARA5,0.36715297472158037
PSAP_TNFRSF21,0.18194425066604789
PSAP_CFTR,0.0
PSAP_FCRL4,0.0
PSAP_ASGR2,0.0
SFTPA2_NOTCH2,0.0
SFTPA2_NOTCH3,0.0
SFTPA2_LRP1,0.0
SFTPA2_DDR2,0.0
SFTPA2_ITGA11,0.0
SFTPA2_FCRL4,0.0
MBL2_LRP1,0.0
MBL2_LDLR,0.0
MBL2_LRP8,0.0
MBL2_SORL1,0.0
MBL2_RYR1,0.0
MBL2_ASGR2,0.0
C1QA_NOTCH2,0.5110946308246527
C1QA_NOTCH3,0.2823316794687133
C1QA_LRP1,0.6779895134646353
C1QA_ITGA2,0.22332386192340437
C1QA_ITGA11,0.3598962366980507
C1QA_COL17A1,0.0
C1QA_PTPRS,0.48179945877816155
GSTP1_FCRL4,0.0
GALP_IFNAR2,0.0
VEGFC_ITGB5,0.0
VEGFC_ITGB3,0.0
VEGFC_SDC3,0.0
VEGFC_FCRL4,0.0
FGF21_FCRL4,0.0
NMB_IFNAR2,0.016939406833814327
SFTPA1_FCRL4,0.0
RNASE2_FCRL4,0.0
HSPA1A_ASGR2,0.0
GC_LRP1,0.0049110515560291685
GC_FCRL4,0.0
ALB_LRP1,0.0
ALB_FCRL4,0.0
INS_ITGB2,0.0
INS_LRP1,0.0
INS_LDLR,0.0
INS_SORL1,0.0
INS_RYR1,0.0
INS_PTPRS,0.0
INS_FCRL4,0.0
SCGB1A1_ITGB2,0.0
SCGB1A1_ITGAM,0.0
SCGB1A1_FCRL4,0.0
LCN2_LRP1,0.005047981790006828
LCN2_FCRL4,0.0
NRG1_LDLR,0.032843877732131356
NRG1_CFTR,0.0
NRG1_FCRL4,0.0
IFNE_SORT1,0.0
IFNE_ITGB2,0.0
IFNE_ITGB5,0.0
IFNE_ITGA4,0.0
IFNE_CNR1,0.0
IFNE_LRP1,0.0
IFNE_SDC2,0.0
IFNE_ITGAM,0.0
IFNE_LRP6,0.0
IFNE_SDC1,0.0
IFNE_C5AR1,0.0
IFNE_TNFRSF11B,0.0
IFNE_LDLR,0.0
IFNE_SELP,0.0
IFNE_F3,0.0
IFNE_CALCR,0.0
IFNE_TLR6,0.0
IFNE_TLR4,0.0
IFNE_SDC3,0.0
IFNE_SORL1,0.0
IFNE_AGER,0.0
IFNE_TRPM3,0.0
IFNE_RYR1,0.0
IFNE_GPIHBP1,0.0
IFNE_CD40,0.0
IFNE_HFE,0.0
IFNE_CD79A,0.0
IFNE_C1QBP,0.0
IFNE_FCRL4,0.0
IFNE_XCR1,0.0
FGL1_FCRL4,0.0
ANG_FCRL4,0.0
CXCL1_IFNAR2,0.064673288502334
PPY_IFNAR2,0.0020045354379093
CCL3_IFNAR2,0.21360671159823336
CCL3_IFNAR1,0.3527416747547796
CCL3L3_IFNAR2,0.12168904550258987
CCL3L3_IFNAR1,0.20471033021438598
FGF12_FCRL4,0.0
CCL15_IFNAR2,0.0017813860933206416
CCL15_IFNAR1,0.0031313989946008085
CCL23_IFNAR2,0.0022296060528588474
CCL23_IFNAR1,0.003745400520038053
CCL18_IFNAR2,0.00991205557945818
CCL18_IFNAR1,0.01634274444497897
CHAD_FCRL4,0.0
CD86_IFNAR2,0.19728932642811264
IL19_IFNAR2,0.005556958437655894
GSTO1_LRP8,0.07275415583460816
GSTO1_STAB2,0.006930092356537463
GSTO1_DCHS1,0.10195940889355637
CD59_IFNAR2,0.12991804297763934
PLTP_PLXNA1,0.16612942286481328
PLTP_ITGA7,0.09231453684257733
PLTP_PTPRB,0.106310903802424
PLTP_RYR1,0.0
PLTP_CFTR,0.0
PLTP_NRXN2,0.054981839512497646
APOC1_LRP8,0.05608513118511642
APOC4_LRP8,0.009222400203217889
QRFP_IFNAR2,0.0
VIM_FCRL4,0.0
