HEBP1_GRM7,0.0
DCN_EGFR,0.00035847647498132726
DCN_ERBB4,0.00023898431665421793
GRN_TNFRSF1A,0.30022404779686335
GRN_SORT1,0.06604929051530992
GRN_TNFRSF1B,0.270201643017177
GRN_CLEC4M,0.10808065720687078
GRN_EGFR,0.01801344286781178
UTS2_UTS2R,0.0
ICAM3_CLEC4M,0.11775952203136666
ICAM3_ITGB2,0.01308439133681849
ICAM3_CD209,0.23551904406273336
ICAM3_ITGAD,0.0
CEACAM1_CD209,0.032262882748319635
CEACAM1_SELE,0.012546676624346524
CEACAM1_EGFR,0.002688573562359966
FGF4_FGFR2,0.0
FGF4_FGFR3,0.0
NTN1_UNC5D,0.0
NTN1_DCC,0.0
NTN1_UNC5A,0.0005974607916355459
NTN1_ADORA2B,0.00011949215832710857
NTN1_UNC5C,0.0010754294249439827
NTN1_NEO1,0.0
SCT_ADCYAP1R1,0.0
SCT_VIPR1,0.0
SCT_ADRB3,0.0
SCT_GPR84,0.0
FGF20_FGFR3,0.00026885735623599665
FGF20_FGFR2,0.0021508588498879754
DLL3_NOTCH2,0.0030470500373412984
DLL3_NOTCH3,0.0
VCL_ITGB5,0.005018670649738598
EFNA2_EPHA7,5.974607916355352e-05
EFNA2_EPHA10,0.0020911127707243845
EFNA2_EPHA3,5.974607916355352e-05
EFNA2_EPHA6,0.0
EFNA2_EPHA4,0.0008961911874533075
EFNA2_EPHA2,0.0013741598207617383
MADCAM1_ITGA4,0.00017923823749066423
MADCAM1_ITGB7,0.00026885735623599665
TCN2_CNR1,0.0
LGALS1_PTPRC,0.01129200896191187
NID2_COL13A1,0.001075429424943987
RSPO4_LGR4,0.0
RSPO4_LGR5,0.0
OXT_AVPR1A,0.00038834951456310005
OXT_OXTR,0.0002688573562359922
TIMP1_FGFR2,0.017206870799103803
MMP2_PECAM1,0.003883495145631
MMP2_SDC2,5.974607916355352e-05
CCL17_CCR4,0.0
CCL17_CCR8,0.00023898431665421793
DKK4_LRP6,0.0
LHB_LHCGR,0.0
LHB_VIPR1,8.961911874533183e-05
LHB_ADCYAP1R1,0.0
LHB_GPR84,0.0
LHB_ADRB3,8.961911874533183e-05
AMH_EGFR,0.0
AMH_ACVR1,0.0
AMH_AMHR2,0.0
COMP_CD36,0.0028678117998505847
COMP_ITGB3,0.0011351755041075233
LAMB1_ITGA7,0.0011949215832710927
LAMB1_ITGA2,0.02389843166542191
LAMB1_ITGA3,0.014339058999253144
WNT16_FZD6,0.046601941747572775
PDAP1_PDGFRB,0.015474234503360683
C5_GRM7,0.0
C5_C5AR2,0.0016728902165795312
C5_C5AR1,0.007528005974607894
WNT3_RYK,0.0025093353248693048
WNT3_ROR2,0.0
WNT3_FZD5,0.0019716206123973107
WNT3_LRP6,0.003943241224794622
CCL2_CCR4,0.0
CCL2_CCR1,0.0
CCL2_CCR10,5.974607916355352e-05
CCL2_CCR3,0.0
COL1A1_CD93,0.019805825242718414
COL1A1_DDR2,0.002718446601941743
COL1A1_ITGA11,0.0007766990291262106
COL1A1_ITGA2,0.015533980582524247
COL1A1_CD36,0.018640776699029096
COL1A1_DDR1,0.003106796116504847
EFNB3_RHBDL2,0.0008364451082897539
EFNB3_EPHA4,0.00044809559372665375
EFNB3_EPHB2,0.0002688573562359922
EFNB3_EPHB6,0.0
VTN_ITGB5,0.0
VTN_ITGA8,0.0
VTN_CD47,0.0
VTN_KDR,0.0
VTN_ITGA2B,0.0
VTN_TNFRSF11B,0.0
VTN_ITGB8,0.0
VTN_ITGB6,0.0
VTN_ITGB3,0.0
VTN_ITGA3,0.0
CXCL6_CXCR2,0.0
CXCL6_GRM7,0.0
IL2_IL2RG,0.001254667662434631
IL2_CD53,0.00029873039581776917
APOC3_LDLR,0.0028080657206870307
APOC3_SDC2,5.974607916355352e-05
APOC3_LRP1,0.00017923823749066133
KITLG_KIT,0.00017923823749066133
CLEC2B_KLRF1,0.0028379387602688413
IL23A_IL12RB1,0.011949215832710955
IL23A_IL12RB2,0.0005974607916355464
FGF6_FGFR2,0.0
FGF6_FGFR3,0.0
IL26_IL10RB,0.007946228528752779
IL26_IL20RA,0.0
IFNG_IFNGR2,0.020552651232262853
IFNG_IFNGR1,0.022464525765496606
GNB3_GABBR2,2.987303958177676e-05
ULBP1_KLRK1,0.005675877520537702
LAMA4_ITGA3,0.08029873039581777
HBEGF_CD82,0.0052576549663928066
HBEGF_ERBB2,0.00035847647498132726
HBEGF_EGFR,0.00035847647498132726
HBEGF_ERBB4,0.00023898431665421793
HBEGF_CD9,0.006691560866318117
LTF_LRP1,0.00035847647498132726
TFPI_LRP1,0.003226288274831959
TFPI_F3,0.0258103061986557
WNT6_FZD4,0.0
ANGPTL1_TEK,0.10918595967139656
TGFB3_ITGB6,0.0
TGFB3_ITGB3,0.00851381628080657
TGFB3_TGFBR2,0.024645257654966383
TGFB3_ITGB5,0.0008961911874533212
IFNA7_IFNAR2,0.0
IFNA7_IFNAR1,0.0
IAPP_RAMP1,0.012218073188946908
IAPP_CALCR,0.012218073188946908
IAPP_GPR84,0.0
IAPP_ADRB3,0.012218073188946908
IAPP_ADCYAP1R1,0.0
IAPP_VIPR1,0.012218073188946908
TNFSF10_TNFRSF11B,0.01165048543689319
TNFSF10_TNFRSF10B,0.1941747572815534
TNFSF10_TNFRSF10D,0.0854368932038835
TNFSF10_RIPK1,0.0854368932038835
EREG_ERBB3,0.052337565347274045
EREG_ERBB4,0.01308439133681849
EREG_EGFR,0.019626587005227757
EREG_ERBB2,0.019626587005227757
EFNB2_EPHB2,0.001344286781179975
EFNB2_EPHA4,0.0022404779686332915
EFNB2_EPHA6,0.0
EFNB2_EPHA3,0.00014936519790888534
EFNB2_EPHB6,0.0
EFNB2_PECAM1,0.0097087378640776
EFNB2_RHBDL2,0.004182225541448812
EFNB2_GRM1,0.00014936519790888534
BMP4_BMPR1A,0.00011949215832710857
BMP4_LRP6,0.0026288274831964033
PSPN_GFRA3,0.0
PSPN_SDC3,0.0014339058999252921
PSPN_GFRA4,0.0
TNFSF9_TNFRSF9,0.07611650485436888
C3_CD46,0.007318894697535421
C3_ITGAX,0.0022404779686332915
C3_CR1,0.0022404779686332915
C3_ITGAM,0.00029873039581777166
C3_C5AR2,0.0005974607916355442
C3_LRP1,0.0004480955937266579
C3_GRM7,0.0
C3_ITGB2,0.00029873039581777166
VASP_CXCR2,0.044809559372666154
DLL4_NOTCH3,0.0
DLL4_NOTCH2,0.0010156833457804152
TPH1_HTR7,0.0
TPH1_HTR1A,0.0
TPH1_HTR1D,0.0016430171769977475
TPH1_HTR2C,0.0
TPH1_HTR2B,0.001045556385362203
TPH1_HTR4,0.0
TPH1_HTR6,0.0
APOE_SORL1,0.000328603435399549
APOE_SCARB1,0.00492905153099326
APOE_LRP4,0.0
APOE_LDLR,0.015444361463778887
APOE_LRP8,0.0013144137415982023
APOE_LRP6,0.007229275578790118
APOE_SDC2,0.000328603435399549
APOE_LRP1,0.0009858103061986512
NCAN_SDC3,0.002867811799850621
BST2_LILRA4,0.0035548917102314957
F12_CD93,0.0030470500373412463
F12_GP1BA,0.0006572068707990923
CRP_CR1,0.00044809559372665375
TSHB_VIPR1,0.0
TSHB_ADCYAP1R1,0.0
TSHB_GPR84,0.0
TSHB_ADRB3,0.0
DSC1_DSG3,0.057834204630321136
LACRT_SDC1,0.0
GDF11_BMPR1A,0.0006870799103808763
GDF11_ACVR1B,0.003435399551904399
GDF11_ACVR2B,0.0061837191934279185
IL1RN_IL1R1,0.0062733383121732185
IL36A_IL36RN,2.987303958177676e-05
CCL21_GRM7,0.0
CCL21_CCR7,0.0007169529499626545
MMP7_CD151,0.001583271097834177
MMP7_SDC1,2.987303958177676e-05
MMP7_ERBB4,5.974607916355372e-05
THBS1_ITGA4,0.00023898431665421793
THBS1_LRP1,0.00035847647498132726
THBS1_SDC1,0.00011949215832710857
THBS1_ITGB3,0.0022703510082150756
THBS1_CD36,0.005735623599701243
THBS1_SCARB1,0.001792382374906638
THBS1_ITGA2B,0.00023898431665421793
THBS1_TNFRSF11B,0.00035847647498132726
THBS1_CD47,0.0053771471247199155
THBS1_ITGA3,0.002867811799850621
MSTN_ACVR2B,0.0
VWF_LRP1,0.0004480955937266579
VWF_ITGB3,0.002837938760268837
VWF_GP1BA,0.0016430171769977475
VWF_ITGA2B,0.00029873039581777166
VWF_TNFRSF11B,0.0004480955937266579
VWF_SELP,0.002837938760268837
VWF_SCARA5,0.0004480955937266579
VWF_STAB2,0.00388349514563104
VWF_SIRPA,0.005526512322628787
CDH1_KLRG1,0.12188200149365194
CDH1_ITGAE,0.11426437640029868
CDH1_PTPRM,0.30470500373412995
CDH1_ERBB3,0.060941000746825943
CDH1_ITGB7,0.022852875280059717
CDH1_EGFR,0.022852875280059717
TIMP2_ITGA3,0.002867811799850621
IL1A_IL1R1,0.001254667662434631
IL1B_IL1R1,0.0037640029873039576
IL1B_SIGIRR,0.0025989544436146373
IL7_IL7R,0.0070500373412994725
IL7_IL2RG,0.03701269604182226
CKLF_CCR4,0.0
CKLF_LRP6,0.07163554891710232
FARP2_PLXNA1,0.028857356235997007
FARP2_PLXNA3,0.002061239731142632
LAMC2_CD151,0.3198207617625093
LAMC2_ITGA2,0.24137415982076174
LAMC2_COL17A1,0.042240477968633304
LAMC2_ITGA3,0.14482449589245702
NID1_ITGA3,0.0050186706497385965
NID1_ITGB3,0.0039731142643763895
NID1_COL13A1,0.0008364451082897656
NMU_GRM7,0.0
NMU_NMUR1,0.0008663181478715308
NMU_NMUR2,0.0
FGF2_SDC3,0.035847647498132934
FGF2_SDC2,0.0014936519790888642
FGF2_SDC1,0.0014936519790888642
FGF2_FGFR3,0.0044809559372666116
FGF2_FGFR2,0.035847647498132934
FGF2_GPC4,0.0
FGF10_FGFR2,0.0007169529499626461
OLFM2_ROBO2,2.987303958177676e-05
F13A1_ITGA9,0.002539208364451064
F13A1_ITGA4,0.00029873039581777166
KNG1_ITGAM,0.0013144137415982032
KNG1_SDC2,0.0006572068707990994
KNG1_CD93,0.03351755041075426
KNG1_GP1BA,0.007229275578790132
KNG1_GRM7,0.0
KNG1_ITGB2,0.0013144137415982032
KNG1_BDKRB1,0.0
KNG1_RXFP4,0.0006572068707990994
EGF_FSHR,0.0
EGF_AXL,0.12233009708737864
EGF_EGFR,0.008155339805825234
EGF_ERBB4,0.005436893203883484
EGF_ERBB2,0.008155339805825234
EGF_RHBDL2,0.07611650485436894
EGF_LDLR,0.12776699029126215
EGF_ERBB3,0.02174757281553397
WNT2_FZD4,0.0067214339058998766
WNT2_FZD2,0.004182225541448812
WNT2_LRP6,0.0032860343539954954
WNT2_FZD5,0.0016430171769977475
WNT2_FZD3,0.006870799103808763
WNT2_FZD9,0.0
NPTX2_NPTXR,0.0005974607916355386
GAL_GALR1,0.0
GAL_GALR3,0.0
GAL_GRM7,0.0
ADAM2_ITGB7,0.00026885735623599665
ADAM2_CD9,0.0050186706497386095
ADAM2_ITGA9,0.0015235250186706492
ADAM28_ITGA4,0.022942494398805028
INHBE_ACVR2B,0.030918595967139643
DHH_PTCH1,0.0
DHH_BOC,0.0
DHH_CDON,0.0
DHH_PTCH2,0.0
NPFF_NPFFR1,0.0
NPFF_NPFFR2,0.0026288274831964033
FGF7_FGFR2,0.007886482449589218
FGF7_FGFR3,0.0009858103061986512
MFGE8_PDGFRB,0.0005974607916355464
MFGE8_ITGB3,0.005675877520537703
CGN_F11R,0.003405526512322569
CGN_TGFBR2,0.0032860343539954616
REN_ATP6AP2,0.0
GDF7_BMPR1A,2.987303958177676e-05
CALM2_SELL,0.0965197908887229
CALM2_EGFR,0.032173263629574275
CALM2_GRM7,0.0
CALM2_TRPC5,0.0
CALM2_CACNA1C,0.15014189693801347
CALM2_KCNQ3,0.010724421209858045
CALM2_MYLK,0.18231516056758773
CALM2_PDE1A,0.13941747572815535
CALM2_PDE1C,0.0
CALM2_GP6,0.1608663181478715
CALM2_AQP6,0.3431814787154593
CALM2_SCN10A,0.0
CALM2_AQP1,0.3431814787154593
CALM2_SCN4A,0.06434652725914862
NXPH2_NRXN1,5.974607916355352e-05
UCN2_IL10RB,0.0
UCN2_CRHR2,0.0
UCN2_CRHR1,0.0
SFRP2_FZD5,0.0003286034353995461
IL9_IL2RG,0.0
IL9_IL9R,0.0
FGF18_FGFR3,0.0
FGF18_FGFR2,0.0
LIN7C_HTR2C,0.0
LIN7C_KCNJ4,0.0
SERPING1_SELP,0.0022703510082150756
SERPING1_SELE,0.0016728902165795293
GPHA2_EPHA6,0.0
IL18_IL18R1,0.004630321135175477
IL18_IL18BP,0.14353995519044058
IL18_IL18RAP,0.0
PTH_LRP6,0.0
PTH_ADRB3,0.0
PTH_GPR84,0.0
PTH_ADCYAP1R1,0.0
PTH_VIPR1,0.0
BMP3_ACVR2B,0.03629574309185958
BMP3_BMPR1A,0.004032860343539933
WNT3A_LGR5,0.0
WNT3A_LRP1,0.00017923823749066133
WNT3A_LRP6,0.0013144137415981847
WNT3A_FZD6,0.0023300970873786
WNT3A_FZD2,0.0016728902165795078
WNT3A_FZD5,0.0006572068707990923
WNT3A_RYK,0.0008364451082897539
WNT3A_ATP6AP2,0.0028080657206870307
WNT3A_FZD3,0.002748319641523477
APP_FPR2,0.002061239731142632
APP_RPSA,0.12367438386855861
APP_TNFRSF21,0.04122479462285287
APP_AGER,0.004122479462285277
APP_PTGER2,0.0
APP_APLP2,0.1277968633308439
APP_LRP6,0.04534727408513815
APP_SORL1,0.002061239731142632
APP_LRP1,0.006183719193427923
APP_NOTCH2,0.03504107542942493
APP_GRM7,0.0
APP_DCC,0.0
WNT7A_LDLR,0.0014040328603435153
WNT7A_LRP6,0.0006572068707990924
WNT7A_FZD5,0.0003286034353995461
WNT7A_FZD10,2.987303958177676e-05
WNT7A_FZD9,0.0
DKK2_LRP6,0.001971620612397311
WIF1_RYK,0.00041822255414487695
CXCL13_CXCR5,0.00017923823749066366
CXCL13_CCR10,0.00017923823749066366
CXCL13_GRM7,0.0
GDF6_BMPR1A,0.00014936519790888534
NODAL_ACVR1B,0.0005974607916355459
NODAL_ACVR2B,0.0010754294249439827
NODAL_SMAD3,0.0016728902165795293
NODAL_ACVR1C,0.00023898431665421793
SST_SSTR2,0.0006572068707990924
SST_SSTR3,0.0
SST_GRM7,0.0
CALM3_AR,0.0
CALM3_SCN4A,0.023300970873786405
CALM3_AQP1,0.12427184466019417
CALM3_AQP6,0.12427184466019417
CALM3_GP6,0.058252427184466
CALM3_SCN10A,0.0
CALM3_PDE1C,0.0
CALM3_PDE1A,0.05048543689320389
CALM3_KCNQ3,0.0038834951456310465
CALM3_MYLK,0.06601941747572815
CALM3_CACNA1C,0.05436893203883495
CALM3_TRPC5,0.0
CALM3_SELL,0.0349514563106796
CALM3_GRM7,0.0
CALM3_EGFR,0.01165048543689319
TFF1_FCRL4,2.987303958177676e-05
S100A1_AGER,0.00047796863330843586
S100A1_TRPM3,0.0011949215832710918
S100A1_RYR1,0.0007169529499626545
S100A1_TLR4,0.006930545182972336
SCGB3A1_NOTCH3,0.0
SCGB3A1_MARCO,5.974607916355352e-05
HCRT_HCRTR1,2.987303958177676e-05
HCRT_NPFFR2,0.0006572068707990924
SHANK1_SSTR2,0.0006572068707990924
WNT1_FZD9,0.0
WNT1_FZD3,0.002748319641523477
WNT1_ROR2,0.0
WNT1_RYK,0.0008364451082897539
WNT1_FZD5,0.0006572068707990923
WNT1_LRP6,0.0013144137415981847
NTN3_NEO1,0.0
NTN3_CDON,0.0006273338312173155
FGF19_KLB,0.0010455563853621922
FGF19_FGFR2,0.0007169529499626461
FGF19_FGFR3,8.961911874533066e-05
DRAXIN_DCC,0.0
ARPC5_LDLR,0.35381628080657207
TGFA_ERBB3,0.0014339058999253162
TGFA_ERBB2,0.0005377147124719933
TGFA_EGFR,0.0005377147124719933
TGFA_ERBB4,0.00035847647498132845
COL6A3_ITGA2,0.008364451082897661
CXCL3_CXCR2,0.0
CXCL3_GRM7,0.0
CXCL5_GRM7,0.0
CXCL5_CXCR2,0.00044809559372665375
PPBP_CXCR2,0.00044809559372665375
PPBP_GRM7,0.0
PF4_GRM7,0.0
PF4_FGFR2,0.0
PF4_LRP1,0.0
PF4_LDLR,0.0
PF4_THBD,0.0
PF4_SDC2,0.0
PF4_PROCR,0.0
UCN_CRHR2,0.00011949215832710857
UCN_CRHR1,0.0
LIPH_LPAR1,0.0
LIPH_LPAR2,0.00023898431665421793
CAMP_EGFR,0.0008961911874533205
CAMP_FPR2,0.0002987303958177722
IL15_IL15RA,0.09619118745332338
IL15_IL2RG,0.07214339058999253
SCGB3A2_MARCO,0.0
IL3_CSF2RB,0.0021508588498879385
IL3_IL3RA,0.001971620612397277
COL1A2_ITGA2B,0.00041822255414488216
COL1A2_ITGA2,0.008364451082897661
COL1A2_CD93,0.010664675130694518
COL1A2_ITGA11,0.00041822255414488216
COL1A2_ITGB3,0.0039731142643763895
COL1A2_CD36,0.010037341299477195
DEFB1_CCR6,0.0
ARF6_SMAP1,0.1557580283793876
JAM3_ITGB2,0.002987303958177738
HSP90B1_LRP1,0.023390589992531713
HSP90B1_ERBB2,0.023390589992531713
HSP90B1_TLR4,0.22610903659447348
HSP90B1_ASGR1,0.1091560866318148
HSP90B1_TLR9,0.0
COL6A2_ITGA2,0.001194921583271077
ANGPTL4_GPIHBP1,0.00035847647498132726
ANGPTL4_TIE1,0.007169529499626555
FADD_FAS,0.0013442867811799774
DEFB4A_TLR4,0.0
CD14_TLR4,0.0025989544436146373
CD14_TLR6,0.0018820014936519788
CD14_RIPK1,0.001971620612397311
CD14_ITGB2,0.00017923823749066423
CD14_ITGA4,0.00017923823749066423
CD14_TLR9,0.0
COL3A1_DDR2,0.001045556385362203
COL3A1_DDR1,0.0011949215832710884
COL3A1_ITGA2,0.005974607916355446
NLGN2_MDGA1,0.0
NLGN2_NRXN1,0.0
NLGN2_NRXN2,0.0
BMP1_BMPR1A,0.00014936519790888534
FGB_ITGA2B,0.007587752053771454
FGB_TLR4,0.11002240477968633
FGB_ITGAM,0.007587752053771454
FGB_ITGB3,0.07208364451082898
FGB_ITGB2,0.007587752053771454
FGA_ITGB2,0.00023898431665421793
FGA_ITGAD,0.0
FGA_ITGB3,0.0022703510082150756
FGA_ITGAM,0.00023898431665421793
FGA_TLR4,0.003465272591486168
FGA_ITGA2B,0.00023898431665421793
FGA_ITGAX,0.001792382374906638
FGA_CDH5,0.007408513816280773
CXCL11_GRM7,0.0
CXCL11_CCR3,0.0
CXCL11_DPP4,0.0016430171769977475
PRND_RPSA,0.5484690067214341
NPTX1_NPTXR,0.0
CCL19_CCR10,5.974607916355352e-05
CCL19_GRM7,0.0
CCL19_CCR7,0.00017923823749066133
CCL19_CCRL2,0.00017923823749066133
PLG_F2R,0.012905153099327799
PLG_FLT1,0.009798356982822956
PLG_F2RL1,0.004062733383121713
PLG_ITGA9,0.004062733383121713
PLG_ITGB2,0.00047796863330843586
PLG_ITGAM,0.00047796863330843586
PLG_F3,0.005735623599701242
CSHL1_GHR,0.0
LPL_GPIHBP1,0.0006273338312173239
LPL_LRP1,0.0006273338312173239
LPL_SDC1,0.0002091112770724404
EFEMP2_PLSCR4,0.0011650485436893
EFEMP2_AQP1,0.0009559372666168615
VEGFB_FLT1,0.04409260642270349
GH1_GHR,0.0021508588498879754
GNAI2_C5AR1,0.07528005974607914
GNAI2_LHCGR,0.0
GNAI2_CNR1,0.0
GNAI2_CXCR2,0.0627333831217326
GNAI2_EGFR,0.01254667662434651
GNAI2_LPAR3,0.004182225541448818
GNAI2_ADORA1,0.0
GNAI2_ADRA2B,0.004182225541448818
GNAI2_FPR1,0.0
GNAI2_TBXA2R,0.19238237490664672
GNAI2_EDNRB,0.158924570575056
GNAI2_ADCY7,0.025093353248693048
GNAI2_F2R,0.22584017923823746
GNAI2_ADCY9,0.041822255414488405
GNAI2_S1PR4,0.004182225541448818
GNAI2_S1PR1,0.2592979835698282
GNAI2_CHRM1,0.0
TLN1_ITGB3,0.12032860343539956
TLN1_ITGB5,0.012666168782673608
TAC1_TACR1,0.0003286034353995461
TAC1_TACR2,5.974607916355372e-05
LPA_LPAR3,0.0002987303958177722
LPA_LPAR2,0.0005974607916355464
LPA_LPAR1,0.0
LPA_ITGB2,0.0005974607916355464
LPA_ITGAM,0.0005974607916355464
MMP1_ITGA2,0.001194921583271077
LAMA3_ITGA3,0.006452576549663925
LAMA3_SDC2,0.00026885735623599546
SEMA6D_KDR,0.02106049290515309
SEMA6D_PLXNA1,0.006273338312173262
WNT11_MUSK,2.987303958177676e-05
WNT11_KLRG2,0.0
PSEN1_NOTCH3,0.0
PSEN1_NOTCH2,0.049260642270351006
BGN_LY96,0.01254667662434649
BGN_TLR4,0.012128454070201609
IZUMO1_CD9,0.0
JAG2_NOTCH2,0.0020313666915608565
JAG2_NOTCH3,0.0
NXPH3_NRXN2,0.0
NXPH3_NRXN1,8.961911874533183e-05
CNTN2_CNTN1,0.0002091112770724404
CALCA_ADRB3,2.987303958177676e-05
CALCA_GPR84,0.0
CALCA_ADCYAP1R1,0.0
CALCA_VIPR1,2.987303958177676e-05
CALCA_CALCR,2.987303958177676e-05
CALCA_RAMP1,2.987303958177676e-05
CALCA_CALCRL,0.0019417475728155
SLIT3_ROBO2,0.0006273338312173227
SLIT3_ROBO1,0.010664675130694544
GH2_GHR,0.0
FGF3_FGFR2,0.0014339058999252921
FGF3_FGFR3,0.00017923823749066133
GHRL_TBXA2R,0.013741598207617597
GHRL_PTGER3,0.0
GHRL_GHRHR,0.0002987303958177722
GHRL_PTGIR,0.0002987303958177722
FGG_ITGB3,0.0011351755041075233
FGG_TLR4,0.0017326362957430616
FGG_ITGA2B,0.00011949215832710743
FGG_ITGB2,0.00011949215832710743
CXCL14_CXCR4,0.00023898431665421525
EDN3_KEL,0.0
EDN3_EDNRB,0.0
RTN4_TNFRSF19,0.010276325616131433
RTN4_RTN4RL1,0.005138162808065709
NTN4_DCC,0.0
NTN4_UNC5A,0.00044809559372666145
WNT7B_FZD4,0.39790888722927553
WNT7B_FZD10,0.008842419716206074
WNT7B_TMED5,0.2033756534727408
ICAM4_RHAG,0.0
ICAM4_ITGA4,0.012367438386855834
ICAM4_ITGB2,0.012367438386855834
ICAM4_ITGAM,0.012367438386855834
ICAM4_ITGB3,0.11749066467513068
ICAM4_ITGA2B,0.012367438386855834
HMGB1_TLR9,0.0
HMGB1_CD163,0.0
HMGB1_AGER,0.027662434652725852
HMGB1_CXCR4,0.055324869305451795
HMGB1_SDC1,0.013831217326362881
HMGB1_THBD,0.650067214339059
HMGB1_TLR4,0.4011053024645258
COL18A1_ITGB5,0.00047796863330843586
COL18A1_ITGB3,0.004540702016430151
COL18A1_KDR,0.011232262882748267
COL18A1_ITGA3,0.005735623599701242
COL18A1_GPC4,0.0
HP_CD22,0.0
HP_ASGR2,0.0
HP_CD163,0.0
HP_TLR4,0.003465272591486168
HP_ITGAM,0.00023898431665421793
HP_ASGR1,0.0016728902165795293
HP_ITGB2,0.00023898431665421793
RSPO1_LGR4,0.0
RSPO1_LGR5,0.0
RSPO1_LRP6,0.001971620612397311
RSPO1_ZNRF3,0.0024197162061239726
ADAM15_ITGB3,0.006243465272591465
ADAM15_ITGA9,0.005586258401792363
APOA4_LDLR,0.0014040328603435153
APOA4_LRP1,8.961911874533066e-05
GAD1_GRM4,0.0
NLGN3_NRXN1,0.0007468259895444313
NLGN3_NRXN2,0.0
CCL20_CCR6,0.0
CCL20_GRM7,0.0
PYY_GRM7,0.0
PYY_DPP4,0.0016430171769977475
PYY_NPY5R,0.0
PYY_NPY1R,0.00014936519790888534
PYY_FAP,0.00194174757281552
PYY_NPY2R,0.00014936519790888534
F8_ASGR2,0.0
F8_LDLR,0.012636295743091854
F8_LRP1,0.0008065720687079898
COL4A2_ITGB5,0.0005974607916355464
COL4A2_ITGB3,0.005675877520537703
COL4A2_CD93,0.015235250186706465
CCL28_GRM7,0.0
CCL28_CCR10,0.003196415235250169
CCL28_CCR3,0.0
CXCL9_DPP4,0.0003286034353995461
CXCL9_CCR3,0.0
CXCL9_GRM7,0.0
CXCL9_FCGR2A,0.00038834951456310005
CNTF_CNTFR,0.0
CNTF_EGFR,0.0005377147124719933
THBS2_NOTCH3,0.0
THBS2_ITGA4,0.00047796863330843586
THBS2_CD47,0.010754294249439831
THBS2_ITGB3,0.004540702016430151
THBS2_CD36,0.011471247199402486
LEFTY2_ACVR2B,0.0
LEFTY2_ACVR1B,0.0
C4BPA_LRP1,8.961911874533066e-05
C4BPA_CD40,0.0005078416728902076
VIP_AVPR1A,0.00038834951456310005
VIP_ADRB3,2.987303958177676e-05
VIP_GPR84,0.0
VIP_VIPR1,2.987303958177676e-05
VIP_ADCYAP1R1,0.0
VIP_RAMP1,2.987303958177676e-05
VIP_DPP4,0.0003286034353995461
FASLG_FAS,5.974607916355352e-05
FASLG_TNFRSF10B,0.0029873039581776928
FASLG_TNFRSF1A,0.0029873039581776928
APOA2_LDLR,0.0014040328603435153
APOA2_LRP1,8.961911874533066e-05
SEMA4A_PLXNB2,0.03853622106049289
EFNA1_EPHA7,8.961911874533183e-05
EFNA1_EPHA10,0.003136669156086631
EFNA1_EPHA3,8.961911874533183e-05
EFNA1_EPHA4,0.0013442867811799843
EFNA1_EPHA6,0.0
EFNA1_EPHB6,0.0
EFNA1_EPHA2,0.002061239731142643
ADAM12_ITGA9,0.0050784167289021544
S100A8_TLR4,0.009529499626586974
S100A8_CD36,0.015772964899178437
S100A8_ITGB2,0.0006572068707991001
S100A8_AGER,0.0006572068707991001
NGF_KIDINS220,0.0010455563853621922
NGF_NTRK1,2.987303958177676e-05
NGF_TRPV1,0.0014040328603435153
NGF_SORCS3,0.0
NGF_SORT1,0.0003286034353995461
WNT2B_FZD4,0.0067214339058998766
COL11A1_ITGA2,0.004779686333084369
COL11A1_DDR1,0.0009559372666168732
ITGB3BP_ITGB3,0.038595967139656455
ITGB3BP_ITGB5,0.004062733383121723
ANGPTL3_ITGB3,0.0011351755041075233
RBP4_STRA6,5.974607916355352e-05
COL5A1_SDC3,0.006452576549663925
SFTPD_TLR4,0.0008663181478715308
SFTPD_SIRPA,0.001105302464525746
SFTPD_LY96,0.0008961911874533077
MMP9_TLR9,0.0
MMP9_IFNAR1,0.007020164301717649
MMP9_ITGAM,0.00029873039581777166
MMP9_LRP1,0.0004480955937266579
MMP9_EPHB2,0.001344286781179975
MMP9_ITGB2,0.00029873039581777166
EDN2_KEL,0.0
EDN2_EDNRB,0.0
ANGPTL2_TIE1,0.008961911874533171
GHRH_GHRHR,0.0
GHRH_VIPR1,0.0
GHRH_ADCYAP1R1,0.0
GHRH_ADRB3,0.0
GHRH_GPR84,0.0
TNFSF15_TNFRSF25,0.0827483196415235
GDF5_ROR2,0.0
GDF5_ACVR1,0.0004779686333084305
GDF5_BMPR1A,5.974607916355352e-05
GDF5_ACVR2B,0.0005377147124719844
EDA_EDAR,0.0
EDA_EDA2R,5.974607916355352e-05
F10_F3,0.0007169529499626461
F10_ITGAM,5.974607916355372e-05
F10_ITGB2,5.974607916355372e-05
SYK_LAT,0.06990291262135921
SYK_FCGR2A,0.15145631067961166
FGF14_FGFR2,0.0014339058999252921
FGF14_FGFR3,0.00017923823749066133
HLA-C_LILRA1,0.0
HLA-C_LILRB1,0.2742345033607169
HLA-C_CD3G,0.30470500373413
HLA-C_KIR3DL1,0.03047050037341293
ANXA1_EGFR,0.0008961911874533205
ANXA1_GRM7,0.0
ANXA1_FPR1,0.0
ANXA1_FPR2,0.0002987303958177722
ACTR2_LDLR,0.45209858103061984
NDP_FZD4,0.013442867811799823
NDP_LGR4,0.0
AGRN_LRP4,0.0
AGRN_LRP1,0.0008065720687079898
AGRN_ATP1A3,0.0
AGRN_MUSK,0.00026885735623599546
INSL3_ADRB3,0.000328603435399549
INSL3_GPR84,0.0
INSL3_ADCYAP1R1,0.0
INSL3_VIPR1,0.000328603435399549
AVP_LDLR,0.0
AVP_VIPR1,0.0
AVP_ADCYAP1R1,0.0
AVP_GPR84,0.0
AVP_ADRB3,0.0
AVP_OXTR,0.0
AVP_AVPR1A,0.0
COL2A1_ITGA10,0.0002688573562359922
COL2A1_DDR1,0.00023898431665421525
COL2A1_ITGA2B,5.974607916355372e-05
COL2A1_ITGA2,0.001194921583271077
RLN2_ADRB3,0.000328603435399549
RLN2_GPR84,0.0
RLN2_ADCYAP1R1,0.0
RLN2_VIPR1,0.000328603435399549
RLN2_RXFP3,0.0
RPH3A_NRXN1,0.0002987303958177722
LAMA1_RPSA,0.01075429424943988
LAMA1_ITGA3,0.004301717699775951
LAMA1_NT5E,0.004122479462285286
LAMA1_ITGA2,0.007169529499626586
LAMA1_ITGA7,0.00035847647498132845
LAMA1_ITGB8,0.004122479462285286
LAMA1_SDC2,0.00017923823749066366
CCL25_CCR10,2.987303958177676e-05
CCL25_GRM7,0.0
LAMB3_ITGA2,0.003584764749813293
LAMB3_CD151,0.004749813293502612
LAMB3_ITGA3,0.0021508588498879754
LAMB3_COL17A1,0.0006273338312173262
IL1F10_IL1R1,0.001254667662434631
CCL8_CCR3,0.0
CCL8_CCR1,0.0
COL4A6_CD93,0.0015235250186706232
COL4A6_ITGA2,0.001194921583271077
COL4A6_CD47,0.0013442867811799615
CCL26_CCR1,0.0
CCL26_CCR3,0.0
SPP1_ITGA4,0.0008364451082897643
SPP1_ITGB5,0.0008364451082897643
SPP1_ITGB3,0.007946228528752779
SPP1_ITGA9,0.007109783420463011
LGALS9_MRC2,0.005586258401792351
LGALS9_HAVCR2,0.2122778192681105
LGALS9_SLC1A5,0.07262135922330097
LGALS9_CD47,0.25138162808065717
ADM2_GPR84,0.0
ADM2_ADRB3,0.007378640776698989
ADM2_VIPR1,0.007378640776698989
ADM2_ADCYAP1R1,0.0
ADM2_CALCR,0.007378640776698989
ADM2_RAMP1,0.007378640776698989
ADM2_CALCRL,0.4796116504854369
CXCL12_CD4,0.00029873039581777166
CXCL12_DPP4,0.0016430171769977475
CXCL12_CCR4,0.0
CXCL12_GRM7,0.0
CXCL12_CXCR4,0.0005974607916355442
CXCL12_AVPR1A,0.00194174757281552
BMP7_ACVR1,0.07599701269604177
BMP7_ACVR2B,0.08549663928304702
BMP7_BMPR1A,0.009499626587005176
COL4A3_ITGA3,0.07528005974607914
COL4A3_CD47,0.14115011202389838
COL4A3_ITGB3,0.05959671396564599
COL4A3_CD93,0.15997012696041818
COL4A3_ITGA2,0.12546676624346523
COL4A4_ITGA2,0.0932038834951456
COL4A4_CD93,0.11883495145631064
COL4A4_ITGB3,0.04427184466019416
COL4A4_CD47,0.1048543689320388
HLA-A_ERBB2,0.04543689320388344
HLA-A_KIR3DL1,0.03029126213592226
HLA-A_CD3G,0.30291262135922326
HLA-A_LILRA1,0.0
HLA-A_APLP2,0.9390291262135922
HLA-A_LILRB1,0.2726213592233009
HLA-A_KIR3DL2,0.0
CNTN4_PTPRG,0.08932038834951456
TCTN1_TMEM67,0.04316654219566841
PDCD1LG2_PDCD1,5.974607916355352e-05
TNFSF11_LGR4,0.0
TNFSF11_TNFRSF11B,0.00035847647498132726
TNFSF11_TNFRSF11A,0.0023898431665421846
DSCAM_DCC,0.0
FBLN2_ITGB3,0.013622106049290513
NXPH1_NRXN1,2.987303958177676e-05
NXPH1_NRXN2,0.0
SAA1_FPR2,0.00011949215832710857
SAA1_FPR1,0.0
SAA1_GRM7,0.0
SAA1_SCARB1,0.001792382374906638
MDK_SORL1,0.0004182225541448808
MDK_SDC3,0.010037341299477193
MDK_SDC1,0.0004182225541448808
MDK_LRP1,0.0012546676624346478
MDK_ITGA4,0.0008364451082897643
TF_TFR2,0.00014936519790888534
TF_HFE,0.00029873039581777166
TF_LDLR,0.007020164301717649
ARTN_GFRA3,0.0
PTPN6_CD300LF,0.0
PTPN6_FCRL4,0.010186706497386053
CLEC2A_KLRF2,0.0
NTF3_NTRK1,0.0
NTF3_NTRK2,0.0
RLN3_RXFP3,0.0
RLN3_RXFP4,0.00011949215832710857
RLN3_GRM7,0.0
RLN3_VIPR1,0.00011949215832710857
RLN3_ADCYAP1R1,0.0
RLN3_GPR84,0.0
RLN3_ADRB3,0.00011949215832710857
TNF_TNFRSF1B,0.08065720687079908
TNF_TNFRSF1A,0.08961911874533231
TNF_RIPK1,0.03943241224794622
TNF_TNFRSF21,0.03584764749813293
TNF_FAS,0.0017923823749066365
TNF_PTPRS,0.050186706497386095
TNF_FFAR2,0.07169529499626585
TNF_ICOS,0.0
LAMA2_ITGA7,0.0007766990291262106
LAMA2_ITGA2,0.015533980582524247
LAMA2_ITGA3,0.009320388349514546
LAMA2_RPSA,0.02330097087378637
HRAS_SDC2,0.00014936519790888534
HRAS_GRIN2D,0.00014936519790888534
HRAS_TLR9,0.0
GDNF_EDNRB,0.1566542195668409
GDNF_GFRA3,0.0
HLA-G_KIR3DL1,0.01911874533233752
HLA-G_CD4,0.01911874533233752
HLA-G_LILRB1,0.17206870799103804
FSHB_ADCYAP1R1,0.0
FSHB_VIPR1,8.961911874533183e-05
FSHB_ADRB3,8.961911874533183e-05
FSHB_GPR84,0.0
FSHB_FSHR,0.0
ADM_CALCRL,0.0155339805825242
ADM_RAMP1,0.00023898431665421714
ADM_CALCR,0.00023898431665421714
ADM_ADCYAP1R1,0.0
ADM_VIPR1,0.00023898431665421714
ADM_GPR84,0.0
ADM_ADRB3,0.00023898431665421714
PTHLH_ADRB3,2.987303958177676e-05
PTHLH_GPR84,0.0
PTHLH_VIPR1,2.987303958177676e-05
PTHLH_ADCYAP1R1,0.0
ADCYAP1_ADCYAP1R1,0.0
ADCYAP1_VIPR1,2.987303958177676e-05
ADCYAP1_GPR84,0.0
ADCYAP1_ADRB3,2.987303958177676e-05
ADCYAP1_DPP4,0.0003286034353995461
CGA_LHCGR,0.0
CGA_ADRB3,0.0004480955937266591
CGA_GPR84,0.0
CGA_VIPR1,0.0004480955937266591
CGA_ADCYAP1R1,0.0
CGA_FSHR,0.0
S100A10_CFTR,0.0
SHANK2_CFTR,0.0
S100A4_ERBB2,0.007438386855862574
S100A4_EGFR,0.007438386855862574
TNFSF13B_CD40,0.010664675130694544
TNFSF13B_TNFRSF13B,0.0018820014936519764
LTA_LTBR,0.07931292008961911
LTA_RIPK1,0.038775205377147126
LTA_TNFRSF1A,0.08812546676624347
LTA_TNFRSF1B,0.07931292008961911
NTF4_NTRK1,0.0
NTF4_NTRK2,0.0
FAM3C_GLRA2,0.0
C1QB_C1QBP,0.0053771471247199155
C1QB_LRP1,0.00035847647498132726
GNRH2_GNRHR,0.0
IL22_IL10RA,0.0
IL22_IL22RA2,0.0
IL22_IL21R,0.0013741598207617383
IL22_IL10RB,0.0022703510082150466
IL10_IL10RB,0.4029873039581778
IL10_IL10RA,0.0
CLEC2D_KLRB1,0.0
PDYN_GRM7,0.0
PODXL2_SELL,0.001344286781179975
CD34_SELL,0.0018820014936519731
CD34_SELP,0.0039731142643763895
MUC7_SELL,0.0
PODXL_SELL,0.006990291262135908
MICA_KLRK1,0.0076474981329350085
RAET1L_KLRK1,5.974607916355372e-05
ULBP2_KLRK1,5.974607916355372e-05
RAET1G_KLRK1,0.00047796863330843586
CD55_CR1,0.1550410754294249
GPC3_LRP1,8.961911874533066e-05
A2M_LRP1,0.001792382374906641
SERPINA1_LRP1,0.0008961911874533205
SERPINE2_LRP1,0.001971620612397307
MMP13_LRP1,8.961911874533066e-05
HPX_LRP1,0.00026885735623599665
LIPC_LRP1,0.00017923823749066133
PSAP_LRP1,0.025989544436146348
PSAP_SORT1,0.09529499626587004
PSAP_GPR37,0.008663181478715412
PSAP_CD1B,0.0
PSAP_AR,0.0
ASIP_MC4R,0.00029873039581777166
ASIP_MC5R,0.00014936519790888534
ASIP_MC2R,0.0008961911874533168
ASIP_F11R,0.00851381628080651
ASIP_MC1R,0.0004480955937266579
ASIP_ATRN,0.0035847647498132673
ASIP_MC3R,0.0
SFTPA2_CD93,0.0030470500373412463
MBL2_CD93,0.0015235250186706232
MBL2_CALCR,2.987303958177676e-05
C1QA_CR1,0.001792382374906638
C1QA_CD93,0.006094100074682571
C1QA_CSPG4,0.0007169529499626553
IGFL1_IGFLR1,0.0
IGFL3_IGFLR1,0.0
GSTP1_EGFR,0.019268110530246428
GALP_GALR3,0.0
GALP_GALR1,0.0
NTNG2_LRRC4,0.00023898431665421793
NTNG2_LRRC4C,0.00011949215832710857
GUCA2B_GUCY2D,0.0
NMS_NMUR2,0.0
NMS_NMUR1,0.0
NMS_GRM7,0.0
VEGFC_FLT1,0.0036743838685586246
VEGFC_CCBE1,0.0037640029873039576
VEGFC_ITGA9,0.0015235250186706492
VEGFC_KDR,0.004212098581030619
DSC3_DSG3,0.13932785660941002
PDGFA_PDGFRA,0.00035847647498132845
PDGFA_PDGFRB,0.00035847647498132845
FGF21_FGFR3,0.0
FGF21_FGFR2,0.0
FGF21_KLB,0.0
NMB_GRPR,0.0
NMB_BRS3,0.0
B2M_HLA-F,0.8923076923076924
B2M_CD1B,0.0
B2M_LILRB1,0.2769230769230769
B2M_CD247,0.0
B2M_HFE,0.0307692307692307
B2M_KIR3DL1,0.0307692307692307
B2M_KLRC2,0.0
B2M_CD3G,0.3076923076923077
EDIL3_ITGB5,0.00011949215832710743
CP_SLC40A1,0.011053024645257632
SOSTDC1_LRP6,0.0006572068707990924
DKK1_LRP6,0.0013144137415981847
HSPA1A_GRIN2D,0.0023599701269604056
HSPA1A_TLR4,0.06843913368185214
IL27_IL27RA,0.002748319641523512
PROS1_AXL,0.010754294249439831
PROS1_TYRO3,0.00023898431665421714
INS_LILRB1,0.0
GREM1_KDR,0.0
NRG1_ERBB3,0.0011949215832710884
NRG1_LGR4,0.0
NRG1_ERBB2,0.0004480955937266579
NRG1_EGFR,0.0004480955937266579
NRG1_ERBB4,0.00029873039581777166
SLIT2_SDC1,0.00014936519790888534
SLIT2_DCC,0.0
SLIT2_ROBO4,0.007916355489170966
SLIT2_ROBO1,0.002539208364451064
SLIT2_ROBO2,0.00014936519790888534
NPPA_NPR1,0.011680358476474952
PGF_FLT1,0.002449589245705708
NCAM1_ROBO1,0.0050784167289021544
NCAM1_CACNA1C,0.004182225541448834
NCAM1_FGFR2,0.007169529499626572
NRG3_ERBB3,0.0014339058999253162
NRG3_ERBB4,0.00035847647498132845
NRG3_ERBB2,0.0005377147124719933
AREG_EGFR,0.006362957430918589
AREG_ERBB3,0.01696788648244958
NRG2_ERBB3,0.00023898431665421525
NRG2_ERBB4,5.974607916355372e-05
NRG2_ERBB2,8.961911874533066e-05
SEMA4D_ERBB2,0.01442867811799849
SEMA4D_PLXNB2,0.20681105302464525
IFNA14_IFNAR2,0.0
IFNA14_IFNAR1,0.0
IFNA10_IFNAR2,0.0010754294249439693
IFNA10_IFNAR1,0.0014040328603435153
IFNA8_IFNAR1,0.0028080657206870307
IFNA8_IFNAR2,0.0021508588498879385
IFNE_IFNAR2,0.0010754294249439693
IFNE_IFNAR1,0.0014040328603435153
IFNA21_IFNAR1,0.0014040328603435153
IFNA21_IFNAR2,0.0010754294249439693
IL24_IL20RA,0.0
IL24_IL10RB,0.07151605675877519
PTPN11_FCRL4,0.0037640029873039376
EFEMP1_EGFR,0.00026885735623599665
FGL1_EGFR,0.00017923823749066133
ANG_EGFR,0.0009858103061986512
CXCL2_DPP4,0.0009858103061986553
CXCL2_CXCR2,0.0013442867811799843
CXCL2_GRM7,0.0
CXCL2_XCR1,0.00017923823749066423
CXCL1_GRM7,0.0
CXCL1_CXCR2,0.0008961911874533075
PPY_GRM7,0.0
PPY_NPY2R,0.0
PPY_NPY5R,0.0
PPY_NPY1R,0.0
IL25_IL17RB,0.0
IFNL3_IL10RB,0.0022703510082150466
CCL3_CCR4,0.0
CCL3_CCR1,0.0
CCL3_CCR3,0.0
FGF12_FGFR2,0.005735623599701242
FGF12_FGFR3,0.0007169529499626545
CGB5_LHCGR,0.0
CCL15_CCR1,0.0
CCL15_CCR3,0.0
CCL23_CCR1,0.0
CCL18_CCR8,0.00029873039581777166
CCL18_CCR1,0.0
CCL18_CCR3,0.0
LTBP3_ITGB5,0.002509335324869299
MST1_MST1R,0.0
CHAD_ITGA2,0.002389843166542154
NUCB2_ERAP1,0.02760268857356235
FAT4_DCHS1,0.01935772964899178
CD86_CD28,0.015294996265870034
ACE2_SLC6A19,0.0
TSLP_IL7R,0.0
CER1_MRC2,5.974607916355352e-05
CD200_CD200R1,0.0026288274831964007
C4B_CR1,0.0026885735623599686
C4B_CD46,0.008782673637042566
IL19_IL20RA,0.0
EDN1_EDNRB,0.004540702016430151
EDN1_KEL,0.0
SEMA4B_DCBLD2,0.009559372666168775
PTMA_VIPR1,0.015026138909633974
TNFSF18_TNFRSF18,0.0
OBP2A_OR1G1,0.0
F7_F3,0.004301717699775951
RGMA_NEO1,0.0
RGMA_HFE,0.0
RGMA_TFR2,0.0
WNT5B_KLRG2,0.0
CD5L_CD5,0.0
GSTO1_RYR1,0.009410007468259882
ANGPT4_TIE1,0.0017923823749066159
ANGPT4_TEK,0.0012845407020164077
IRAK4_TLR6,0.28857356235997017
IRAK4_TLR4,0.39850634802091117
COLQ_MUSK,0.0003584764749813273
QRFP_QRFPR,0.0
GDF10_ACVR1B,0.0
GRN_FCRL4,0.006004480955937233
ICAM3_LRP1,0.019626587005227757
ICAM3_LDLR,0.3074831964152352
ICAM3_SORL1,0.006542195668409224
ICAM3_RYR1,0.019626587005227757
ICAM3_PTPRS,0.18318147871545928
ICAM3_FCRL4,0.006542195668409224
CEACAM1_FCRL4,0.0008961911874533182
FGF4_FCRL4,0.0
SCT_IFNAR2,0.0
SCT_IFNAR1,0.0
SCT_FCRL4,0.0
FGF20_FCRL4,8.961911874533183e-05
DLL3_LRP1,0.0005377147124719933
TCN2_ITGB2,0.00011949215832710743
TCN2_ITGAM,0.00011949215832710743
TCN2_FCRL4,5.974607916355352e-05
LGALS1_ITGB2,0.003764002987303949
LGALS1_ITGB3,0.035758028379387595
LGALS1_FCRL4,0.0018820014936519682
NID2_ITGA2,0.010754294249439878
NID2_PTPRS,0.007528005974607914
MMP2_FCRL4,5.974607916355352e-05
CCL17_IFNAR2,0.0043017176997759326
CCL17_IFNAR1,0.005616131441374133
AMH_FCRL4,0.0
COMP_FCRL4,5.974607916355352e-05
LAMB1_ITGAM,0.0011949215832710927
LAMB1_ITGB8,0.013741598207617596
LAMB1_DDR2,0.004182225541448834
LAMB1_ITGA11,0.0011949215832710927
LAMB1_DDR1,0.004779686333084379
LAMB1_CD47,0.026885735623599645
LAMB1_LRP8,0.0023898431665421893
LAMB1_CD46,0.029275578790141837
LAMB1_COL17A1,0.004182225541448834
CCL2_IFNAR2,0.0021508588498879385
CCL2_IFNAR1,0.0028080657206870307
COL1A1_ITGB5,0.0007766990291262106
COL1A1_ITGB3,0.007378640776699017
COL1A1_ITGB8,0.00893203883495144
COL1A1_CD47,0.017475728155339775
COL1A1_ITGAX,0.00582524271844659
COL1A1_CD151,0.020582524271844625
COL1A1_COL17A1,0.002718446601941743
COL1A1_GPC4,0.0
COL1A1_ITGA3,0.009320388349514546
COL1A1_ITGA10,0.003495145631067954
VTN_ERBB4,0.0
VTN_ITGB2,0.0
VTN_ITGB7,0.0
VTN_CD36,0.0
VTN_SDC3,0.0
VTN_ITGAX,0.0
VTN_FCRL4,0.0
CXCL6_IFNAR2,0.0
APOC3_ITGB2,0.00011949215832710743
APOC3_ITGB5,0.00011949215832710743
APOC3_ITGAM,0.00011949215832710743
APOC3_ITGB3,0.0011351755041075233
APOC3_ITGB6,0.0
APOC3_ITGB8,0.0013741598207617383
APOC3_SDC1,5.974607916355352e-05
APOC3_ITGA2,0.002389843166542154
APOC3_ITGA2B,0.00011949215832710743
APOC3_TLR4,0.0017326362957430616
APOC3_LRP8,0.00023898431665421525
APOC3_GPIHBP1,0.00017923823749066133
APOC3_ITGA3,0.0014339058999252921
APOC3_FCRL4,5.974607916355352e-05
CLEC2B_IFNAR2,0.10216579536967886
CLEC2B_IFNAR1,0.13338312173263628
FGF6_FCRL4,0.0
IL26_IFNAR2,0.007528005974607895
ULBP1_IFNAR2,0.10216579536967886
LAMA4_ITGB8,0.0769529499626587
LAMA4_ITGA2,0.13383121732636297
HBEGF_FCRL4,0.00011949215832710857
LTF_ITGB2,0.00023898431665421793
LTF_ITGAM,0.00023898431665421793
LTF_LDLR,0.005616131441374133
LTF_LRP8,0.0004779686333084366
LTF_RYR1,0.00035847647498132726
LTF_FCRL4,0.00011949215832710857
TFPI_ITGB2,0.0021508588498879706
TFPI_ITGAM,0.0021508588498879706
TFPI_ITGB8,0.024734876773711712
TFPI_SDC1,0.0010754294249439818
TFPI_LDLR,0.05054518297236742
TFPI_LRP8,0.004301717699775948
TFPI_SORL1,0.0010754294249439818
TFPI_RYR1,0.003226288274831959
TFPI_FCRL4,0.0010754294249439818
CD160_IFNAR2,0.0043017176997759326
CD160_IFNAR1,0.005616131441374133
TGFB3_FCRL4,0.0004480955937266591
IAPP_IFNAR2,0.43985063480209113
IAPP_IFNAR1,0.5742494398805078
IAPP_FCRL4,0.012218073188946908
TNFSF10_FCRL4,0.0038834951456310465
C3_ITGB3,0.002837938760268837
C3_SDC1,0.00014936519790888534
C3_LDLR,0.007020164301717649
C3_LRP8,0.0005974607916355442
C3_SORL1,0.00014936519790888534
C3_RYR1,0.0004480955937266579
C3_FCRL4,0.00014936519790888534
DLL4_LRP1,0.00017923823749066133
APOE_ITGB2,0.0006572068707991001
APOE_ITGB5,0.0006572068707991001
APOE_ITGAM,0.0006572068707991001
APOE_ITGB8,0.007557879014189667
APOE_SDC1,0.000328603435399549
APOE_TLR4,0.009529499626586974
APOE_TRPM3,0.0016430171769977533
APOE_RYR1,0.0009858103061986512
APOE_FCRL4,0.000328603435399549
APOE_ASGR2,0.0
F12_NOTCH2,0.0010156833457804152
F12_NOTCH3,0.0
F12_COL13A1,0.00023898431665421525
F12_LRP1,0.00017923823749066133
F12_LDLR,0.0028080657206870307
F12_PTPRS,0.0016728902165795078
CRP_ITGB2,5.974607916355372e-05
CRP_LRP1,8.961911874533066e-05
CRP_ITGAM,5.974607916355372e-05
CRP_LDLR,0.0014040328603435153
CRP_TLR6,0.0006273338312173155
CRP_TLR4,0.0008663181478715308
CRP_LRP8,0.00011949215832710762
CRP_SORL1,2.987303958177676e-05
CRP_LRP4,0.0
CRP_STAB2,0.0007766990291262001
CRP_TRPM3,0.00014936519790888458
CRP_RYR1,8.961911874533066e-05
CRP_ASGR2,0.0
TSHB_IFNAR2,0.0
TSHB_IFNAR1,0.0
LACRT_EGFR,0.0
LACRT_ERBB4,0.0
LACRT_ITGB2,0.0
LACRT_ITGB5,0.0
LACRT_ITGB7,0.0
LACRT_ITGB3,0.0
LACRT_CD36,0.0
LACRT_TLR4,0.0
LACRT_SDC3,0.0
LACRT_CD151,0.0
LACRT_SSTR2,0.0
LACRT_FCRL4,0.0
IL1RN_IFNAR2,0.005377147124719902
IL36A_IFNAR2,0.0010754294249439693
IL36A_IFNAR1,0.0014040328603435153
CCL21_IFNAR2,0.008603435399551865
CCL21_IFNAR1,0.011232262882748267
MMP7_ITGB2,5.974607916355372e-05
MMP7_ITGB5,5.974607916355372e-05
MMP7_ITGB3,0.0005675877520537616
MMP7_SDC3,0.0007169529499626461
MMP7_FCRL4,2.987303958177676e-05
THBS1_ERBB4,0.00023898431665421793
THBS1_ITGB2,0.00023898431665421793
THBS1_ITGB5,0.00023898431665421793
THBS1_ITGB7,0.00035847647498132726
THBS1_ITGAM,0.00023898431665421793
THBS1_ITGB6,0.0
THBS1_ITGB8,0.002748319641523512
THBS1_ITGA7,0.00023898431665421793
THBS1_ITGA2,0.004779686333084369
THBS1_CD93,0.006094100074682571
THBS1_ITGA8,0.0005974607916355459
THBS1_SDC3,0.002867811799850621
THBS1_ITGAX,0.001792382374906638
THBS1_CD151,0.0063330843913367895
THBS1_MUSK,0.00011949215832710857
THBS1_FCRL4,0.00011949215832710857
VWF_ITGB2,0.00029873039581777166
VWF_ITGB5,0.00029873039581777166
VWF_TPO,0.001045556385362203
VWF_ITGAM,0.00029873039581777166
VWF_ITGB8,0.003435399551904381
VWF_SDC1,0.00014936519790888534
VWF_ITGA2,0.005974607916355446
VWF_LDLR,0.007020164301717649
VWF_LRP8,0.0005974607916355442
VWF_CD46,0.007318894697535421
VWF_ITGA3,0.0035847647498132673
VWF_NT5E,0.003435399551904381
TIMP2_ITGB2,0.00023898431665421793
TIMP2_ITGB5,0.00023898431665421793
TIMP2_ITGAM,0.00023898431665421793
TIMP2_ITGB3,0.0022703510082150756
TIMP2_ITGB8,0.002748319641523512
TIMP2_CD36,0.005735623599701243
TIMP2_SDC1,0.00011949215832710857
TIMP2_SDC3,0.002867811799850621
TIMP2_FCRL4,0.00011949215832710857
CKLF_TLR4,0.0944286781179985
LAMC2_ITGA11,0.01206870799103806
LAMC2_CD47,0.27154592979835696
NID1_ITGB2,0.00041822255414488216
NID1_ITGB5,0.00041822255414488216
NID1_ITGAM,0.00041822255414488216
NID1_ITGB8,0.004809559372666155
NID1_ITGA2,0.008364451082897661
FGF2_EGFR,0.0044809559372666116
FGF2_ITGB5,0.002987303958177738
FGF2_ITGB3,0.028379387602688575
FGF2_KDR,0.07020164301717699
FGF2_SSTR2,0.03286034353995519
FGF2_ITGA9,0.025392083644510826
FGF2_FCRL4,0.0014936519790888642
FGF2_F2RL1,0.025392083644510826
FGF10_FCRL4,2.987303958177676e-05
F13A1_ITGB2,0.00029873039581777166
F13A1_ITGB5,0.00029873039581777166
F13A1_ITGAM,0.00029873039581777166
F13A1_ITGB3,0.002837938760268837
F13A1_SDC3,0.0035847647498132673
F13A1_FCRL4,0.00014936519790888534
EGF_LRP1,0.008155339805825234
EGF_SORL1,0.002718446601941733
EGF_FCRL4,0.002718446601941733
WNT2_FCRL4,0.00014936519790888534
ADAM2_ITGB2,0.00017923823749066423
ADAM2_ITGB5,0.00017923823749066423
ADAM2_ITGB3,0.001702763256161314
ADAM2_FCRL4,8.961911874533183e-05
LUM_ITGB2,0.00017923823749066423
LUM_FCRL4,8.961911874533183e-05
FGF7_FCRL4,0.000328603435399549
CALM2_FCRL4,0.010724421209858045
UCN2_IFNAR2,0.0
UCN2_IFNAR1,0.0
FGF18_FCRL4,0.0
SERPING1_FCRL4,0.00011949215832710857
GPHA2_FCRL4,2.987303958177676e-05
TNFSF4_IFNAR2,0.02043315907393575
PTH_IFNAR2,0.0
PTH_IFNAR1,0.0
PTH_FCRL4,0.0
WNT3A_LDLR,0.0028080657206870307
WNT3A_ITGAX,0.0008961911874533075
WNT3A_SORL1,5.974607916355352e-05
WNT3A_SCARB1,0.0008961911874533075
WNT3A_RPSA,0.0035847647498132317
WNT3A_TNFRSF21,0.001194921583271077
WNT3A_AR,0.0
WNT3A_TFR2,5.974607916355352e-05
WNT3A_CFTR,0.0
WNT3A_PTGER2,0.0
WNT3A_APLP2,0.0037042569081403394
WNT3A_FCRL4,5.974607916355352e-05
WNT3A_ASGR2,0.0
APP_LDLR,0.09687826736370422
APP_AR,0.0
APP_TRPM3,0.010306198655713212
APP_CFTR,0.0
APP_FCRL4,0.002061239731142632
APP_ASGR2,0.0
CXCL13_IFNAR2,0.006452576549663927
CXCL13_IFNAR1,0.008424197162061237
CALM3_SORT1,0.04271844660194174
CALM3_ITGA4,0.007766990291262119
CALM3_LRP1,0.01165048543689319
CALM3_FZD2,0.1087378640776699
CALM3_FZD6,0.15145631067961166
CALM3_LRP6,0.0854368932038835
CALM3_RYK,0.05436893203883495
CALM3_TNFRSF11B,0.01165048543689319
CALM3_LDLR,0.1825242718446602
CALM3_TLR4,0.11262135922330098
CALM3_IFNAR1,0.1825242718446602
CALM3_ITGAX,0.058252427184466
CALM3_SORL1,0.0038834951456310465
CALM3_SCARB1,0.058252427184466
CALM3_PTK7,0.07378640776699029
CALM3_FZD3,0.17864077669902914
CALM3_RPSA,0.2330097087378641
CALM3_TNFRSF21,0.07766990291262137
CALM3_TRPM3,0.019417475728155335
CALM3_GAS1,0.0038834951456310465
CALM3_TFR2,0.0038834951456310465
CALM3_CFTR,0.0
CALM3_PTGER2,0.0
CALM3_PDGFRA,0.007766990291262119
CALM3_APLP2,0.24077669902912627
CALM3_MCAM,0.11262135922330098
CALM3_ENPEP,0.0
CALM3_FCRL4,0.0038834951456310465
CALM3_GPR37,0.0038834951456310465
CALM3_ASGR2,0.0
TFF2_FCRL4,2.987303958177676e-05
TFF1_ITGB2,5.974607916355372e-05
TFF1_ITGAM,5.974607916355372e-05
TFF1_SDC1,2.987303958177676e-05
TFF1_LPAR1,0.0
TFF1_LPAR2,5.974607916355372e-05
TFF1_LPAR3,2.987303958177676e-05
TFF1_C1QBP,0.0013442867811799615
TFF1_XCR1,5.974607916355372e-05
S100A1_ITGB2,0.00047796863330843586
S100A1_LRP1,0.0007169529499626545
S100A1_ITGAM,0.00047796863330843586
S100A1_LRP8,0.0009559372666168732
S100A1_SORL1,0.00023898431665421714
S100A1_ASGR2,0.0
SCGB3A1_FCRL4,5.974607916355352e-05
SHANK1_PLXNA1,0.00041822255414487695
SHANK1_NOTCH2,0.0005078416728902076
SHANK1_NOTCH3,0.0
SHANK1_ITGB5,5.974607916355372e-05
SHANK1_COL13A1,0.00011949215832710762
SHANK1_LRP1,8.961911874533066e-05
SHANK1_TPO,0.00020911127707243848
SHANK1_ITGAM,5.974607916355372e-05
SHANK1_ITGB8,0.0006870799103808692
SHANK1_SDC1,2.987303958177676e-05
SHANK1_ITGA7,5.974607916355372e-05
SHANK1_ITGA2,0.001194921583271077
SHANK1_CD93,0.0015235250186706232
SHANK1_DDR2,0.00020911127707243848
SHANK1_ITGA11,5.974607916355372e-05
SHANK1_DDR1,0.00023898431665421525
SHANK1_CD47,0.0013442867811799615
SHANK1_ITGA2B,5.974607916355372e-05
SHANK1_LDLR,0.0014040328603435153
SHANK1_LRP8,0.00011949215832710762
SHANK1_CD46,0.0014637789395070694
SHANK1_ITGAX,0.00044809559372665375
SHANK1_LRP4,0.0
SHANK1_BCAM,0.001105302464525746
SHANK1_STAB2,0.0007766990291262001
SHANK1_COL17A1,0.00020911127707243848
SHANK1_GPC4,0.0
SHANK1_PTPRB,0.0017027632561612846
SHANK1_RYR1,8.961911874533066e-05
SHANK1_PTPRS,0.0008364451082897539
SHANK1_ATP1A3,0.0
SHANK1_CFTR,0.0
SHANK1_ITGA3,0.0007169529499626461
SHANK1_NT5E,0.0006870799103808692
SHANK1_ROBO4,0.001583271097834177
SHANK1_CSPG4,0.00017923823749066152
SHANK1_ITGA10,0.0002688573562359922
WNT1_FCRL4,5.974607916355352e-05
FGF19_FCRL4,2.987303958177676e-05
ARPC5_ITGB2,0.0150560119492158
ARPC5_LRP1,0.022584017923823724
ARPC5_ITGAM,0.0150560119492158
ARPC5_SDC1,0.007528005974607875
ARPC5_LRP8,0.030112023898431647
ARPC5_FCRL4,0.007528005974607875
COL6A3_DDR2,0.0014637789395070908
COL6A3_ITGA11,0.00041822255414488216
COL6A3_DDR1,0.0016728902165795312
COL6A3_COL17A1,0.0014637789395070908
CXCL5_IFNAR2,0.0010754294249439693
PPBP_IFNAR2,0.0010754294249439693
PF4_TLR4,0.0
PF4_SORL1,0.0
PF4_AR,0.0
PF4_FCRL4,0.0
LIPH_ITGB2,0.00023898431665421793
LIPH_CNR1,0.0
LIPH_ITGAM,0.00023898431665421793
LIPH_SDC1,0.00011949215832710857
LIPH_LPAR3,0.00011949215832710857
LIPH_C1QBP,0.0053771471247199155
LIPH_FCRL4,0.00011949215832710857
CAMP_FCRL4,0.0002987303958177722
COL1A2_ERBB4,0.00041822255414488216
COL1A2_ITGB2,0.00041822255414488216
COL1A2_ITGB5,0.00041822255414488216
COL1A2_ITGAM,0.00041822255414488216
COL1A2_ITGB8,0.004809559372666155
COL1A2_SDC1,0.0002091112770724404
COL1A2_SDC3,0.0050186706497385965
COL1A2_ITGAX,0.003136669156086622
COL1A2_CD151,0.011082897684839402
COL1A2_COL17A1,0.0014637789395070908
COL1A2_GPC4,0.0
COL1A2_ITGA3,0.0050186706497385965
COL1A2_FCRL4,0.0002091112770724404
DEFB1_IFNAR2,0.0
DEFB1_IFNAR1,0.0
JAM3_ITGAM,0.002987303958177738
JAM3_FCRL4,0.0014936519790888642
HSP90B1_EGFR,0.023390589992531713
HSP90B1_ERBB4,0.015593726661687792
HSP90B1_ITGB2,0.015593726661687792
HSP90B1_ITGB5,0.015593726661687792
HSP90B1_ITGA4,0.015593726661687792
HSP90B1_ITGB7,0.023390589992531713
HSP90B1_SDC2,0.007796863330843871
HSP90B1_ITGAM,0.015593726661687792
HSP90B1_LRP6,0.1715309932785661
HSP90B1_ITGB3,0.14814040328603437
HSP90B1_ITGB6,0.0
HSP90B1_ITGB8,0.17932785660940997
HSP90B1_CD36,0.37424943988050785
HSP90B1_SDC1,0.007796863330843871
HSP90B1_C5AR1,0.14034353995519042
HSP90B1_ITGA8,0.03898431665421955
HSP90B1_ITGA2B,0.015593726661687792
HSP90B1_TNFRSF11B,0.023390589992531713
HSP90B1_LDLR,0.3664525765496639
HSP90B1_SELP,0.14814040328603437
HSP90B1_LRP8,0.031187453323375632
HSP90B1_SDC3,0.1871247199402539
HSP90B1_ITGAX,0.11695294996265866
HSP90B1_SORL1,0.007796863330843871
HSP90B1_RYR1,0.023390589992531713
HSP90B1_MUSK,0.007796863330843871
HSP90B1_CFTR,0.0
HSP90B1_FCRL4,0.007796863330843871
HSP90B1_ASGR2,0.0
CD14_EGFR,0.00026885735623599665
CD14_ERBB4,0.00017923823749066423
CD14_SORT1,0.0009858103061986553
CD14_ITGB5,0.00017923823749066423
CD14_ITGB7,0.00026885735623599665
CD14_SDC2,8.961911874533183e-05
CD14_ITGAM,0.00017923823749066423
CD14_LRP6,0.001971620612397311
CD14_ITGB3,0.001702763256161314
CD14_ITGB6,0.0
CD14_ITGB8,0.002061239731142643
CD14_CD36,0.004301717699775952
CD14_SDC1,8.961911874533183e-05
CD14_C5AR1,0.0016131441374159813
CD14_ITGA8,0.00044809559372666145
CD14_ITGA2B,0.00017923823749066423
CD14_TNFRSF11B,0.00026885735623599665
CD14_LDLR,0.004212098581030619
CD14_SELP,0.001702763256161314
CD14_F3,0.0021508588498879754
CD14_CALCR,8.961911874533183e-05
CD14_LRP8,0.00035847647498132905
CD14_SDC3,0.0021508588498879754
CD14_ITGAX,0.0013442867811799843
CD14_SSTR2,0.001971620612397311
CD14_GPIHBP1,0.00026885735623599665
CD14_MUSK,8.961911874533183e-05
CD14_CD40,0.0015235250186706492
CD14_NTRK1,8.961911874533183e-05
CD14_CD79A,8.961911874533183e-05
CD14_PDGFRA,0.00017923823749066423
CD14_ITGA9,0.0015235250186706492
CD14_FCRL4,8.961911874533183e-05
CD14_ASGR2,0.0
COL3A1_CD93,0.0076176250933531935
COL3A1_ITGA11,0.00029873039581777166
COL3A1_CD47,0.0067214339058998766
COL3A1_COL17A1,0.001045556385362203
COL3A1_ITGA10,0.001344286781179975
FGB_ITGB5,0.007587752053771454
FGB_ITGB8,0.0872591486183719
FGB_CD36,0.1821060492905153
FGB_SDC1,0.003793876026885715
FGB_LDLR,0.17831217326362955
FGB_SDC3,0.09105302464525764
FGB_FCRL4,0.003793876026885715
FGA_ITGB5,0.00023898431665421793
FGA_SDC1,0.00011949215832710857
FGA_LDLR,0.005616131441374133
FGA_SDC3,0.002867811799850621
FGA_FCRL4,0.00011949215832710857
CXCL11_IFNAR2,0.005377147124719902
CXCL11_IFNAR1,0.007020164301717649
CCL19_IFNAR2,0.0021508588498879385
CCL19_IFNAR1,0.0028080657206870307
PLG_ITGB5,0.00047796863330843586
PLG_LRP1,0.0007169529499626545
PLG_SDC1,0.00023898431665421714
PLG_LDLR,0.011232262882748267
PLG_SDC3,0.005735623599701242
PLG_FCRL4,0.00023898431665421714
LEP_ITGAM,0.006751306945481686
LEP_FCRL4,0.0033756534727408323
GNAI2_IFNAR2,0.1505601194921583
GNAI2_IFNAR1,0.19656460044809554
GNAI2_AR,0.0
GNAI2_TFR2,0.004182225541448818
GNAI2_HFE,0.008364451082897665
GNAI2_FCRL4,0.004182225541448818
DEFB103A_IFNAR2,0.0021508588498879385
DEFB103A_IFNAR1,0.0028080657206870307
TAC1_IFNAR2,0.0010754294249439693
TAC1_IFNAR1,0.0014040328603435153
LPA_SDC1,0.0002987303958177722
LPA_FCRL4,0.0002987303958177722
MMP1_ITGB2,5.974607916355372e-05
MMP1_ITGB5,5.974607916355372e-05
MMP1_ITGAM,5.974607916355372e-05
MMP1_ITGB3,0.0005675877520537616
MMP1_ITGB8,0.0006870799103808692
MMP1_SDC1,2.987303958177676e-05
MMP1_CD93,0.0015235250186706232
MMP1_FCRL4,2.987303958177676e-05
LAMA3_ITGB2,0.0005377147124719927
LAMA3_ITGAM,0.0005377147124719927
LAMA3_ITGB8,0.006183719193427928
LAMA3_SDC1,0.00026885735623599546
LAMA3_ITGA2,0.010754294249439878
PSEN1_LRP1,0.008693054518297227
PSEN1_LDLR,0.13619118745332337
PSEN1_SORL1,0.0028976848394323966
PSEN1_FCRL4,0.0028976848394323966
BGN_SELP,0.007946228528752779
BGN_CALCR,0.0004182225541448808
P4HB_TLR6,0.08782673637042568
P4HB_LRP8,0.016728902165795357
P4HB_TRPM3,0.020911127707244202
JAG2_LRP1,0.00035847647498132726
CALCA_IFNAR2,0.0010754294249439693
CALCA_IFNAR1,0.0014040328603435153
CALCA_FCRL4,2.987303958177676e-05
FGF3_FCRL4,5.974607916355352e-05
FGG_ITGB5,0.00011949215832710743
FGG_ITGAM,0.00011949215832710743
FGG_ITGB8,0.0013741598207617383
FGG_CD36,0.0028678117998505847
FGG_SDC1,5.974607916355352e-05
FGG_SDC3,0.0014339058999252921
FGG_FCRL4,5.974607916355352e-05
COL9A3_FCRL4,0.0004480955937266591
ICAM4_ITGB5,0.012367438386855834
ICAM4_SDC2,0.006183719193427897
ICAM4_ITGB8,0.1422255414488424
ICAM4_CD36,0.29681852128454067
ICAM4_SDC1,0.006183719193427897
ICAM4_LDLR,0.2906348020911127
ICAM4_TLR4,0.17932785660941
ICAM4_SDC3,0.1484092606422703
ICAM4_FCRL4,0.006183719193427897
HMGB1_EGFR,0.04149365197908882
HMGB1_ITGB2,0.027662434652725852
HMGB1_SDC3,0.3319492158327109
HMGB1_FCRL4,0.013831217326362881
COL18A1_ITGB2,0.00047796863330843586
COL18A1_ITGB8,0.005496639283047024
COL18A1_CD36,0.011471247199402486
COL18A1_SDC3,0.005735623599701242
COL18A1_ITGAX,0.003584764749813276
COL18A1_CD151,0.012666168782673579
COL18A1_FCRL4,0.00023898431665421714
HP_LRP1,0.00035847647498132726
HP_SDC1,0.00011949215832710857
HP_LDLR,0.005616131441374133
HP_FCRL4,0.00011949215832710857
ADAM15_ITGB5,0.0006572068707991001
ADAM15_FCRL4,0.000328603435399549
APOA4_ITGB2,5.974607916355372e-05
APOA4_COL13A1,0.00011949215832710762
APOA4_ITGAM,5.974607916355372e-05
APOA4_ITGA2,0.001194921583271077
APOA4_LRP8,0.00011949215832710762
APOA4_STAB2,0.0007766990291262001
APOA4_FCRL4,2.987303958177676e-05
PYY_IFNAR2,0.005377147124719902
F8_ITGB2,0.0005377147124719927
F8_TPO,0.0018820014936519786
F8_ITGAM,0.0005377147124719927
F8_ITGA2,0.010754294249439878
F8_LRP8,0.001075429424943987
F8_SORL1,0.00026885735623599546
F8_LRP4,0.0
F8_STAB2,0.00699029126213592
F8_RYR1,0.0008065720687079898
CCL28_IFNAR2,0.11507094846900671
CCL28_IFNAR1,0.15023151605675875
CNTF_FCRL4,0.00017923823749066366
THBS2_ITGB2,0.00047796863330843586
THBS2_ITGB5,0.00047796863330843586
THBS2_ITGAM,0.00047796863330843586
THBS2_ITGB8,0.005496639283047024
THBS2_SDC1,0.00023898431665421714
THBS2_ITGA2,0.009559372666168738
THBS2_CD93,0.012188200149365142
THBS2_ITGA2B,0.00047796863330843586
THBS2_ITGAX,0.003584764749813276
THBS2_ITGA3,0.005735623599701242
THBS2_FCRL4,0.00023898431665421714
C4BPA_ITGB2,5.974607916355372e-05
C4BPA_LDLR,0.0014040328603435153
C4BPA_LRP8,0.00011949215832710762
C4BPA_SORL1,2.987303958177676e-05
C4BPA_RYR1,8.961911874533066e-05
C4BPA_PTPRS,0.0008364451082897539
C4BPA_FCRL4,2.987303958177676e-05
VIP_IFNAR2,0.0010754294249439693
VIP_IFNAR1,0.0014040328603435153
VIP_FCRL4,2.987303958177676e-05
APOA2_ITGB2,5.974607916355372e-05
APOA2_COL13A1,0.00011949215832710762
APOA2_ITGAM,5.974607916355372e-05
APOA2_ITGA2,0.001194921583271077
APOA2_LRP8,0.00011949215832710762
APOA2_STAB2,0.0007766990291262001
APOA2_FCRL4,2.987303958177676e-05
ADAM12_ITGB2,0.0005974607916355464
ADAM12_ITGB3,0.005675877520537703
ADAM12_FCRL4,0.0002987303958177722
S100A8_LRP1,0.0009858103061986512
S100A8_SDC2,0.000328603435399549
S100A8_ITGAM,0.0006572068707991001
S100A8_LDLR,0.015444361463778887
S100A8_F3,0.007886482449589218
S100A8_CALCR,0.000328603435399549
S100A8_IFNAR1,0.015444361463778887
S100A8_SORL1,0.000328603435399549
S100A8_RYR1,0.0009858103061986512
S100A8_CD40,0.005586258401792363
S100A8_CD79A,0.000328603435399549
S100A8_FCRL4,0.000328603435399549
COL11A1_DDR2,0.0008364451082897646
COL11A1_ITGA11,0.00023898431665421793
COL11A1_COL17A1,0.0008364451082897646
COL11A1_ITGA10,0.0010754294249439827
SFTPD_LRP6,0.0006572068707990924
MMP9_ITGB5,0.00029873039581777166
MMP9_SDC2,0.00014936519790888534
MMP9_ITGB3,0.002837938760268837
MMP9_ITGB8,0.003435399551904381
MMP9_CD36,0.0071695294996265355
MMP9_SDC1,0.00014936519790888534
MMP9_LDLR,0.007020164301717649
MMP9_TLR4,0.004331590739357699
MMP9_LRP8,0.0005974607916355442
MMP9_SDC3,0.0035847647498132673
MMP9_SORL1,0.00014936519790888534
MMP9_RYR1,0.0004480955937266579
MMP9_CD79A,0.00014936519790888534
MMP9_FCRL4,0.00014936519790888534
GHRH_IFNAR2,0.0
GHRH_IFNAR1,0.0
F10_FCRL4,2.987303958177676e-05
FGF14_FCRL4,5.974607916355352e-05
HLA-C_RYK,0.213293502613891
HLA-C_FZD3,0.700821508588499
HLA-C_TFR2,0.015235250186706416
HLA-C_FCRL4,0.015235250186706416
ANXA1_FCRL4,0.0002987303958177722
ACTR2_ITGB2,0.019238237490664632
ACTR2_LRP1,0.02885735623599698
ACTR2_ITGAM,0.019238237490664632
ACTR2_SDC1,0.009619118745332285
ACTR2_LRP8,0.03847647498132933
ACTR2_FCRL4,0.009619118745332285
AGRN_ITGB2,0.0005377147124719927
AGRN_ITGAM,0.0005377147124719927
AGRN_ITGB8,0.006183719193427928
AGRN_ITGA2,0.010754294249439878
AGRN_LRP8,0.001075429424943987
AGRN_FCRL4,0.00026885735623599546
INSL3_IFNAR2,0.011829723674383829
INSL3_IFNAR1,0.015444361463778887
AVP_GRM7,0.0
AVP_LRP1,0.0
AVP_DPP4,0.0
AVP_CALCR,0.0
AVP_IFNAR2,0.0
AVP_IFNAR1,0.0
AVP_SORL1,0.0
AVP_AR,0.0
AVP_HLA-F,0.0
AVP_FCRL4,0.0
COL2A1_ITGB8,0.0006870799103808692
COL2A1_CD93,0.0015235250186706232
COL2A1_DDR2,0.00020911127707243848
COL2A1_ITGA11,5.974607916355372e-05
COL2A1_CD47,0.0013442867811799615
COL2A1_COL17A1,0.00020911127707243848
RLN2_IFNAR2,0.011829723674383829
RLN2_IFNAR1,0.015444361463778887
LAMA1_ITGB2,0.00035847647498132845
LAMA1_ITGB5,0.00035847647498132845
LAMA1_ITGAM,0.00035847647498132845
LAMA1_SDC1,0.00017923823749066366
LAMA1_CD93,0.009141150112023896
LAMA1_ITGA11,0.00035847647498132845
LAMA1_CD47,0.008065720687079909
LAMA1_ITGA2B,0.00035847647498132845
LAMA1_LRP8,0.0007169529499626581
LAMA1_CD46,0.008782673637042566
LAMA1_COL17A1,0.0012546676624346524
LAMA1_ROBO4,0.009499626587005225
CCL25_IFNAR2,0.0010754294249439693
CCL25_IFNAR1,0.0014040328603435153
LAMB3_ITGA11,0.00017923823749066423
LAMB3_CD47,0.004032860343539954
CCL8_IFNAR2,0.0021508588498879385
CCL8_IFNAR1,0.0028080657206870307
COL4A6_DDR2,0.00020911127707243848
COL4A6_ITGA11,5.974607916355372e-05
COL4A6_DDR1,0.00023898431665421525
COL4A6_COL17A1,0.00020911127707243848
COL4A6_ITGA10,0.0002688573562359922
CCL26_IFNAR2,0.0010754294249439693
CCL26_IFNAR1,0.0014040328603435153
SPP1_EGFR,0.0012546676624346478
SPP1_ERBB4,0.0008364451082897643
SPP1_ITGB2,0.0008364451082897643
SPP1_ITGB7,0.0012546676624346478
SPP1_SDC2,0.0004182225541448808
SPP1_LRP6,0.009200896191187427
SPP1_ITGB6,0.0
SPP1_TLR4,0.012128454070201609
SPP1_SDC3,0.010037341299477193
SPP1_SSTR2,0.009200896191187427
SPP1_FCRL4,0.0004182225541448808
LGALS9_LDLR,0.26255414488424195
LGALS9_ITGAX,0.0837938760268857
LGALS9_SORL1,0.005586258401792351
LGALS9_FCRL4,0.005586258401792351
ADM2_IFNAR2,0.2656310679611651
ADM2_IFNAR1,0.34679611650485437
ADM2_FCRL4,0.007378640776698989
CXCL12_VIPR1,0.00014936519790888534
CXCL12_ADRB3,0.00014936519790888534
CXCL12_GPR84,0.0
CXCL12_IL2RG,0.0031366691560866093
CXCL12_F3,0.0035847647498132673
CXCL12_FZD4,0.0067214339058998766
CXCL12_IFNAR2,0.005377147124719902
CXCL12_IFNAR1,0.007020164301717649
CXCL12_CD40,0.002539208364451064
CXCL12_HFE,0.00029873039581777166
CXCL12_CD79A,0.00014936519790888534
CXCL12_FCRL4,0.00014936519790888534
CXCL12_LILRB1,0.0026885735623599504
COL4A3_ITGB8,0.0721433905899925
COL4A3_DDR2,0.021956684092606416
COL4A3_ITGA11,0.006273338312173248
COL4A3_DDR1,0.02509335324869303
COL4A3_COL17A1,0.021956684092606416
COL4A4_ITGB8,0.053592233009708716
COL4A4_DDR2,0.016310679611650482
COL4A4_ITGA11,0.00466019417475727
COL4A4_DDR1,0.018640776699029107
COL4A4_COL17A1,0.016310679611650482
SAA1_FCRL4,0.00011949215832710857
MDK_ERBB4,0.0008364451082897643
MDK_ITGB2,0.0008364451082897643
MDK_ITGB5,0.0008364451082897643
MDK_ITGB7,0.0012546676624346478
MDK_SDC2,0.0004182225541448808
MDK_ITGAM,0.0008364451082897643
MDK_LRP6,0.009200896191187427
MDK_ITGB3,0.007946228528752779
MDK_ITGB6,0.0
MDK_ITGB8,0.00961911874533231
MDK_CD36,0.02007468259895439
MDK_ITGA8,0.002091112770724415
MDK_ITGA2B,0.0008364451082897643
MDK_TNFRSF11B,0.0012546676624346478
MDK_TLR4,0.012128454070201609
MDK_ITGAX,0.006273338312173244
MDK_CD151,0.022165795369678803
MDK_MUSK,0.0004182225541448808
MDK_ITGA3,0.010037341299477193
MDK_FCRL4,0.0004182225541448808
MDK_ASGR2,0.0
TF_ITGB2,0.00029873039581777166
TF_LRP1,0.0004480955937266579
TF_ITGAM,0.00029873039581777166
TF_FCRL4,0.00014936519790888534
CLEC2A_IFNAR2,0.0010754294249439693
TNF_LDLR,0.08424197162061237
TNF_FCRL4,0.0017923823749066365
LAMA2_ITGAM,0.0007766990291262106
LAMA2_DDR2,0.002718446601941743
LAMA2_ITGA11,0.0007766990291262106
LAMA2_DDR1,0.003106796116504847
LAMA2_CD47,0.017475728155339775
LAMA2_LRP8,0.0015533980582524236
LAMA2_CD46,0.0190291262135922
LAMA2_COL17A1,0.002718446601941743
HRAS_FCRL4,0.00014936519790888534
COL9A3_ITGB2,0.0008961911874533212
COL9A3_ITGAM,0.0008961911874533212
COL9A3_SDC1,0.0004480955937266591
ADM_IFNAR2,0.008603435399551865
ADM_IFNAR1,0.011232262882748267
ADM_FCRL4,0.00023898431665421714
PTHLH_IFNAR2,0.0010754294249439693
PTHLH_IFNAR1,0.0014040328603435153
ADCYAP1_IFNAR2,0.0010754294249439693
ADCYAP1_IFNAR1,0.0014040328603435153
ADCYAP1_FCRL4,2.987303958177676e-05
S100A4_FCRL4,0.002479462285287514
GNRH2_IFNAR2,0.0
CLEC2D_IFNAR2,0.42694548170276325
CLEC2D_IFNAR1,0.5574010455563854
PODXL2_FCRL4,0.00014936519790888534
CD34_FCRL4,0.0002091112770724404
MUC7_FCRL4,0.0
PODXL_FCRL4,0.000776699029126208
RAET1L_IFNAR2,0.0010754294249439693
ULBP2_IFNAR2,0.0010754294249439693
GPC3_ITGB2,5.974607916355372e-05
GPC3_ITGAM,5.974607916355372e-05
GPC3_LDLR,0.0014040328603435153
GPC3_LRP8,0.00011949215832710762
GPC3_FCRL4,2.987303958177676e-05
A2M_LRP8,0.0023898431665421893
A2M_STAB2,0.01553398058252424
SERPINA1_LRP8,0.0011949215832710947
SERPINA1_STAB2,0.00776699029126212
SERPINE2_LRP8,0.0026288274831964106
SERPINE2_STAB2,0.01708737864077668
MMP13_LRP8,0.00011949215832710762
MMP13_STAB2,0.0007766990291262001
HPX_LRP8,0.00035847647498132905
HPX_STAB2,0.00233009708737864
LIPC_LRP8,0.00023898431665421525
LIPC_STAB2,0.0015533980582524002
PSAP_ASGR1,0.12128454070201643
PSAP_LDLR,0.40716952949962654
PSAP_ITGAX,0.12994772218073183
PSAP_SORL1,0.008663181478715412
PSAP_LRP4,0.0
PSAP_SCARA5,0.025989544436146348
PSAP_TNFRSF21,0.17326362957430919
PSAP_CFTR,0.0
PSAP_FCRL4,0.008663181478715412
PSAP_ASGR2,0.0
SFTPA2_NOTCH2,0.0010156833457804152
SFTPA2_NOTCH3,0.0
SFTPA2_LRP1,0.00017923823749066133
SFTPA2_DDR2,0.00041822255414487695
SFTPA2_ITGA11,0.00011949215832710743
SFTPA2_FCRL4,5.974607916355352e-05
MBL2_LRP1,8.961911874533066e-05
MBL2_LDLR,0.0014040328603435153
MBL2_LRP8,0.00011949215832710762
MBL2_SORL1,2.987303958177676e-05
MBL2_RYR1,8.961911874533066e-05
MBL2_ASGR2,0.0
C1QA_NOTCH2,0.0020313666915608565
C1QA_NOTCH3,0.0
C1QA_LRP1,0.00035847647498132726
C1QA_ITGA2,0.004779686333084369
C1QA_ITGA11,0.00023898431665421793
C1QA_COL17A1,0.0008364451082897646
C1QA_PTPRS,0.0033457804331590586
GSTP1_FCRL4,0.0064227035100821155
GALP_IFNAR2,0.0
VEGFC_ITGB5,0.00017923823749066423
VEGFC_ITGB3,0.001702763256161314
VEGFC_SDC3,0.0021508588498879754
VEGFC_FCRL4,8.961911874533183e-05
FGF21_FCRL4,0.0
NMB_IFNAR2,0.007528005974607895
SFTPA1_FCRL4,8.961911874533183e-05
RNASE2_FCRL4,5.974607916355352e-05
HSPA1A_ASGR2,0.0
GC_LRP1,0.00035847647498132726
GC_FCRL4,0.00011949215832710857
ALB_LRP1,0.0004480955937266579
ALB_FCRL4,0.00014936519790888534
INS_ITGB2,0.0
INS_LRP1,0.0
INS_LDLR,0.0
INS_SORL1,0.0
INS_RYR1,0.0
INS_PTPRS,0.0
INS_FCRL4,0.0
SCGB1A1_ITGB2,5.974607916355372e-05
SCGB1A1_ITGAM,5.974607916355372e-05
SCGB1A1_FCRL4,2.987303958177676e-05
LCN2_LRP1,0.0
LCN2_FCRL4,0.0
NRG1_LDLR,0.007020164301717649
NRG1_CFTR,0.0
NRG1_FCRL4,0.00014936519790888534
IFNE_SORT1,0.0003286034353995461
IFNE_ITGB2,5.974607916355372e-05
IFNE_ITGB5,5.974607916355372e-05
IFNE_ITGA4,5.974607916355372e-05
IFNE_CNR1,0.0
IFNE_LRP1,8.961911874533066e-05
IFNE_SDC2,2.987303958177676e-05
IFNE_ITGAM,5.974607916355372e-05
IFNE_LRP6,0.0006572068707990924
IFNE_SDC1,2.987303958177676e-05
IFNE_C5AR1,0.0005377147124719845
IFNE_TNFRSF11B,8.961911874533066e-05
IFNE_LDLR,0.0014040328603435153
IFNE_SELP,0.0005675877520537616
IFNE_F3,0.0007169529499626461
IFNE_CALCR,2.987303958177676e-05
IFNE_TLR6,0.0006273338312173155
IFNE_TLR4,0.0008663181478715308
IFNE_SDC3,0.0007169529499626461
IFNE_SORL1,2.987303958177676e-05
IFNE_AGER,5.974607916355372e-05
IFNE_TRPM3,0.00014936519790888458
IFNE_RYR1,8.961911874533066e-05
IFNE_GPIHBP1,8.961911874533066e-05
IFNE_CD40,0.0005078416728902076
IFNE_HFE,5.974607916355372e-05
IFNE_CD79A,2.987303958177676e-05
IFNE_C1QBP,0.0013442867811799615
IFNE_FCRL4,2.987303958177676e-05
IFNE_XCR1,5.974607916355372e-05
FGL1_FCRL4,5.974607916355352e-05
ANG_FCRL4,0.000328603435399549
CXCL1_IFNAR2,0.0021508588498879385
PPY_IFNAR2,0.0
CCL3_IFNAR2,0.016131441374159818
CCL3_IFNAR1,0.02106049290515309
CCL3L3_IFNAR2,0.0032262882748319635
CCL3L3_IFNAR1,0.004212098581030619
FGF12_FCRL4,0.00023898431665421714
CCL15_IFNAR2,0.0
CCL15_IFNAR1,0.0
CCL23_IFNAR2,0.0021508588498879385
CCL23_IFNAR1,0.0028080657206870307
CCL18_IFNAR2,0.005377147124719902
CCL18_IFNAR1,0.007020164301717649
CHAD_FCRL4,5.974607916355352e-05
CD86_IFNAR2,0.0688274831964152
IL19_IFNAR2,0.0032262882748319635
GSTO1_LRP8,0.012546676624346515
GSTO1_STAB2,0.0815533980582524
GSTO1_DCHS1,0.16938013442867808
CD59_IFNAR2,0.08603435399551904
PLTP_PLXNA1,0.005436893203883486
PLTP_ITGA7,0.0007766990291262106
PLTP_PTPRB,0.02213592233009705
PLTP_RYR1,0.001165048543689317
PLTP_CFTR,0.0
PLTP_NRXN2,0.0
APOC1_LRP8,0.0007169529499626581
APOC4_LRP8,0.004540702016430163
QRFP_IFNAR2,0.0
VIM_FCRL4,0.008842419716206074
